slug,論点名,5管理分類,出現回数,出題年度数,直近出題年度,出題年度リスト,ページURL
occupational-safety-act,労働安全衛生法,人的資源管理,28,17,令和8年度,平成21年度;平成22年度;平成23年度;平成24年度;平成26年度;平成27年度;平成28年度;平成29年度;平成30年度;令和元年度;令和2年度;令和3年度;令和4年度;令和5年度;令和6年度;令和7年度;令和8年度,https://doboku-note.com/docs/pe-comprehensive-management-occupational-safety-act
environmental-impact-assessment,環境影響評価法,社会環境管理,24,17,令和8年度,平成21年度;平成22年度;平成23年度;平成24年度;平成25年度;平成26年度;平成27年度;平成28年度;平成29年度;平成30年度;令和元年度;令和2年度;令和3年度;令和4年度;令和5年度;令和6年度;令和8年度,https://doboku-note.com/docs/pe-comprehensive-management-environmental-impact-assessment
labor-standards-act,労働基準法,人的資源管理,24,16,令和7年度,平成21年度;平成23年度;平成24年度;平成25年度;平成26年度;平成27年度;平成28年度;平成29年度;平成30年度;令和元年度;令和2年度;令和3年度;令和4年度;令和5年度;令和6年度;令和7年度,https://doboku-note.com/docs/pe-comprehensive-management-labor-standards-act
environmental-basic-plan,環境基本計画,社会環境管理,22,15,令和8年度,平成21年度;平成22年度;平成23年度;平成24年度;平成25年度;平成26年度;平成27年度;平成28年度;平成30年度;令和2年度;令和3年度;令和5年度;令和6年度;令和7年度;令和8年度,https://doboku-note.com/docs/pe-comprehensive-management-environmental-basic-plan
iot,IoT（Internet of Things）,情報管理,22,12,令和8年度,平成24年度;平成27年度;平成28年度;平成29年度;平成30年度;令和元年度;令和2年度;令和3年度;令和4年度;令和5年度;令和6年度;令和8年度,https://doboku-note.com/docs/pe-comprehensive-management-iot
carbon-neutral,カーボンニュートラル,社会環境管理,21,16,令和8年度,平成21年度;平成22年度;平成23年度;平成24年度;平成25年度;平成26年度;平成27年度;平成28年度;平成29年度;令和元年度;令和3年度;令和4年度;令和5年度;令和6年度;令和7年度;令和8年度,https://doboku-note.com/docs/pe-comprehensive-management-carbon-neutral
carbon-pricing,環境税・カーボンプライシング,社会環境管理,21,14,令和8年度,平成21年度;平成22年度;平成23年度;平成24年度;平成25年度;平成26年度;平成27年度;平成28年度;平成29年度;令和3年度;令和4年度;令和5年度;令和6年度;令和8年度,https://doboku-note.com/docs/pe-comprehensive-management-carbon-pricing
business-continuity-plan,BCP・BCM,経済性管理,19,14,令和7年度,平成21年度;平成22年度;平成23年度;平成24年度;平成25年度;平成26年度;平成27年度;平成28年度;平成29年度;平成30年度;令和2年度;令和5年度;令和6年度;令和7年度,https://doboku-note.com/docs/pe-comprehensive-management-business-continuity-plan
extended-producer-responsibility,拡大生産者責任（EPR）,社会環境管理,19,14,令和8年度,平成21年度;平成23年度;平成24年度;平成25年度;平成26年度;平成27年度;平成28年度;平成29年度;平成30年度;令和2年度;令和3年度;令和5年度;令和6年度;令和8年度,https://doboku-note.com/docs/pe-comprehensive-management-extended-producer-responsibility
quality-control,品質管理,経済性管理,17,14,令和7年度,平成21年度;平成23年度;平成24年度;平成25年度;平成26年度;平成27年度;平成28年度;平成29年度;平成30年度;令和2年度;令和3年度;令和5年度;令和6年度;令和7年度,https://doboku-note.com/docs/pe-comprehensive-management-quality-control
circular-society-basic-act,循環型社会形成推進基本法,社会環境管理,17,13,令和8年度,平成21年度;平成23年度;平成25年度;平成26年度;平成27年度;平成29年度;令和元年度;令和2年度;令和3年度;令和5年度;令和6年度;令和7年度;令和8年度,https://doboku-note.com/docs/pe-comprehensive-management-circular-society-basic-act
risk-assessment,リスク評価,経済性管理,17,11,令和8年度,平成21年度;平成22年度;平成23年度;平成24年度;平成27年度;平成29年度;平成30年度;令和元年度;令和3年度;令和5年度;令和8年度,https://doboku-note.com/docs/pe-comprehensive-management-risk-assessment
pert-cpm,PERT/CPM,経済性管理,16,14,令和8年度,平成21年度;平成23年度;平成25年度;平成26年度;平成27年度;平成28年度;平成29年度;平成30年度;令和2年度;令和3年度;令和4年度;令和6年度;令和7年度;令和8年度,https://doboku-note.com/docs/pe-comprehensive-management-pert-cpm
environmental-accounting,環境会計,社会環境管理,16,11,令和6年度,平成21年度;平成22年度;平成23年度;平成24年度;平成26年度;平成27年度;平成28年度;平成29年度;令和元年度;令和2年度;令和6年度,https://doboku-note.com/docs/pe-comprehensive-management-environmental-accounting
personal-info-protection,個人情報の保護措置,情報管理,15,14,令和8年度,平成21年度;平成24年度;平成25年度;平成26年度;平成27年度;平成28年度;平成29年度;平成30年度;令和2年度;令和3年度;令和5年度;令和6年度;令和7年度;令和8年度,https://doboku-note.com/docs/pe-comprehensive-management-personal-info-protection
waste-management-act,廃棄物処理法,社会環境管理,15,14,令和8年度,平成21年度;平成23年度;平成24年度;平成25年度;平成26年度;平成27年度;平成28年度;平成29年度;令和2年度;令和3年度;令和4年度;令和5年度;令和6年度;令和8年度,https://doboku-note.com/docs/pe-comprehensive-management-waste-management-act
ojt-off-jt,OJT/OFF-JT,人的資源管理,14,13,令和8年度,平成21年度;平成22年度;平成24年度;平成25年度;平成27年度;平成29年度;平成30年度;令和2年度;令和3年度;令和5年度;令和6年度;令和7年度;令和8年度,https://doboku-note.com/docs/pe-comprehensive-management-ojt-off-jt
environmental-standards,環境基準,社会環境管理,14,12,令和4年度,平成21年度;平成23年度;平成24年度;平成25年度;平成26年度;平成27年度;平成28年度;平成30年度;令和元年度;令和2年度;令和3年度;令和4年度,https://doboku-note.com/docs/pe-comprehensive-management-environmental-standards
sdgs,持続可能な開発目標（SDGs）,社会環境管理,14,10,令和8年度,平成23年度;平成24年度;令和元年度;令和2年度;令和3年度;令和4年度;令和5年度;令和6年度;令和7年度;令和8年度,https://doboku-note.com/docs/pe-comprehensive-management-sdgs
encryption-digital-signature,暗号化・電子署名,情報管理,13,13,令和8年度,平成22年度;平成24年度;平成26年度;平成27年度;平成28年度;平成29年度;平成30年度;令和元年度;令和2年度;令和3年度;令和4年度;令和6年度;令和8年度,https://doboku-note.com/docs/pe-comprehensive-management-encryption-digital-signature
energy,エネルギー,社会環境管理,13,12,令和7年度,平成22年度;平成23年度;平成24年度;平成25年度;平成26年度;平成28年度;令和元年度;令和3年度;令和4年度;令和5年度;令和6年度;令和7年度,https://doboku-note.com/docs/pe-comprehensive-management-energy
circular-economy,サーキュラーエコノミー,社会環境管理,13,11,令和7年度,平成22年度;平成23年度;平成25年度;平成26年度;平成27年度;令和元年度;令和2年度;令和3年度;令和5年度;令和6年度;令和7年度,https://doboku-note.com/docs/pe-comprehensive-management-circular-economy
stress-check-system,ストレスチェック制度,人的資源管理,13,11,令和7年度,平成21年度;平成23年度;平成25年度;平成28年度;平成29年度;令和元年度;令和2年度;令和3年度;令和4年度;令和6年度;令和7年度,https://doboku-note.com/docs/pe-comprehensive-management-stress-check-system
mental-health-care,メンタルヘルスケア,人的資源管理,13,11,令和7年度,平成21年度;平成23年度;平成25年度;平成27年度;平成30年度;令和2年度;令和3年度;令和4年度;令和5年度;令和6年度;令和7年度,https://doboku-note.com/docs/pe-comprehensive-management-mental-health-care
preventive-maintenance,予防保全,経済性管理,13,11,令和8年度,平成21年度;平成23年度;平成25年度;平成26年度;平成29年度;令和2年度;令和3年度;令和4年度;令和5年度;令和7年度;令和8年度,https://doboku-note.com/docs/pe-comprehensive-management-preventive-maintenance
isms-iso27001,ISMS（ISO/IEC 27001）,情報管理,13,10,令和7年度,平成21年度;平成22年度;平成23年度;平成24年度;平成25年度;平成26年度;令和3年度;令和5年度;令和6年度;令和7年度,https://doboku-note.com/docs/pe-comprehensive-management-isms-iso27001
crisis-communication,危機広報,安全管理,13,10,令和5年度,平成21年度;平成22年度;平成24年度;平成25年度;平成26年度;平成27年度;平成28年度;令和2年度;令和3年度;令和5年度,https://doboku-note.com/docs/pe-comprehensive-management-crisis-communication
balance-sheet,貸借対照表（B/S）,経済性管理,12,12,令和7年度,平成21年度;平成22年度;平成23年度;平成28年度;平成29年度;平成30年度;令和元年度;令和2年度;令和3年度;令和4年度;令和6年度;令和7年度,https://doboku-note.com/docs/pe-comprehensive-management-balance-sheet
income-statement,損益計算書（P/L）,経済性管理,12,11,令和6年度,平成21年度;平成22年度;平成23年度;平成28年度;平成29年度;平成30年度;令和元年度;令和2年度;令和3年度;令和4年度;令和6年度,https://doboku-note.com/docs/pe-comprehensive-management-income-statement
patent-rights,特許権（特許法）,情報管理,12,11,令和6年度,平成23年度;平成24年度;平成25年度;平成26年度;平成27年度;平成28年度;平成29年度;平成30年度;令和2年度;令和4年度;令和6年度,https://doboku-note.com/docs/pe-comprehensive-management-patent-rights
worker-dispatch-act,労働者派遣法,人的資源管理,12,11,令和8年度,平成21年度;平成22年度;平成25年度;平成28年度;平成29年度;令和元年度;令和2年度;令和3年度;令和4年度;令和7年度;令和8年度,https://doboku-note.com/docs/pe-comprehensive-management-worker-dispatch-act
iso-14000,ISO 14000シリーズ,社会環境管理,12,10,令和7年度,平成21年度;平成23年度;平成25年度;平成26年度;平成27年度;平成28年度;平成29年度;令和元年度;令和6年度;令和7年度,https://doboku-note.com/docs/pe-comprehensive-management-iso-14000
labor-contract-act,労働契約法,人的資源管理,12,10,令和5年度,平成22年度;平成23年度;平成24年度;平成25年度;平成26年度;平成27年度;平成29年度;令和2年度;令和4年度;令和5年度,https://doboku-note.com/docs/pe-comprehensive-management-labor-contract-act
supply-chain-management,サプライチェーンマネジメント（SCM）,経済性管理,11,11,令和7年度,平成21年度;平成23年度;平成24年度;平成27年度;平成28年度;平成29年度;平成30年度;令和2年度;令和3年度;令和4年度;令和7年度,https://doboku-note.com/docs/pe-comprehensive-management-supply-chain-management
malware,マルウェア,情報管理,11,10,令和6年度,平成21年度;平成22年度;平成24年度;平成25年度;平成26年度;平成27年度;平成29年度;平成30年度;令和元年度;令和6年度,https://doboku-note.com/docs/pe-comprehensive-management-malware
product-safety,製品安全,経済性管理,11,10,令和5年度,平成21年度;平成22年度;平成23年度;平成26年度;平成27年度;平成28年度;平成29年度;令和2年度;令和3年度;令和5年度,https://doboku-note.com/docs/pe-comprehensive-management-product-safety
air-pollution-control-act,大気汚染防止法,社会環境管理,11,10,令和7年度,平成21年度;平成24年度;平成25年度;平成27年度;平成28年度;平成30年度;令和元年度;令和3年度;令和4年度;令和7年度,https://doboku-note.com/docs/pe-comprehensive-management-air-pollution-control-act
variable-work-hours,変形労働時間制度,人的資源管理,11,10,令和6年度,平成21年度;平成23年度;平成24年度;平成25年度;平成27年度;平成28年度;平成29年度;平成30年度;令和4年度;令和6年度,https://doboku-note.com/docs/pe-comprehensive-management-variable-work-hours
lifecycle-assessment,ライフサイクルアセスメント,社会環境管理,11,9,令和5年度,平成21年度;平成22年度;平成23年度;平成24年度;平成26年度;平成27年度;平成28年度;平成29年度;令和5年度,https://doboku-note.com/docs/pe-comprehensive-management-lifecycle-assessment
work-life-balance,ワーク・ライフ・バランス,人的資源管理,11,9,令和6年度,平成22年度;平成23年度;平成28年度;平成30年度;令和2年度;令和3年度;令和4年度;令和5年度;令和6年度,https://doboku-note.com/docs/pe-comprehensive-management-work-life-balance
climate-change-international,気候変動・国際対応,社会環境管理,11,9,令和6年度,平成21年度;平成22年度;平成23年度;平成24年度;平成27年度;平成29年度;令和2年度;令和5年度;令和6年度,https://doboku-note.com/docs/pe-comprehensive-management-climate-change-international
oshms,労働安全衛生マネジメントシステム（OSHMS）,安全管理,11,9,令和6年度,平成21年度;平成22年度;平成24年度;平成25年度;平成28年度;平成30年度;令和3年度;令和4年度;令和6年度,https://doboku-note.com/docs/pe-comprehensive-management-oshms
cloud-on-premises,クラウドコンピューティング／オンプレミス,情報管理,11,8,令和8年度,平成21年度;平成23年度;平成24年度;平成29年度;令和3年度;令和5年度;令和6年度;令和8年度,https://doboku-note.com/docs/pe-comprehensive-management-cloud-on-premises
disaster-countermeasures-act,災害対策基本法,安全管理,11,8,令和7年度,平成24年度;平成25年度;平成29年度;平成30年度;令和元年度;令和4年度;令和5年度;令和7年度,https://doboku-note.com/docs/pe-comprehensive-management-disaster-countermeasures-act
gantt-chart,ガントチャート,経済性管理,10,10,令和8年度,平成21年度;平成23年度;平成26年度;平成30年度;令和2年度;令和3年度;令和4年度;令和6年度;令和7年度;令和8年度,https://doboku-note.com/docs/pe-comprehensive-management-gantt-chart
cash-flow-statement,キャッシュ・フロー計算書（C/F）,経済性管理,10,10,令和8年度,平成23年度;平成29年度;平成30年度;令和元年度;令和2年度;令和3年度;令和4年度;令和6年度;令和7年度;令和8年度,https://doboku-note.com/docs/pe-comprehensive-management-cash-flow-statement
process-planning-construction,工程計画,経済性管理,10,10,令和7年度,平成23年度;平成24年度;平成26年度;平成28年度;平成29年度;平成30年度;令和3年度;令和5年度;令和6年度;令和7年度,https://doboku-note.com/docs/pe-comprehensive-management-process-planning-construction
product-liability-act,製造物責任法（PL法）,安全管理,10,10,令和5年度,平成21年度;平成22年度;平成23年度;平成27年度;平成28年度;平成29年度;平成30年度;令和2年度;令和3年度;令和5年度,https://doboku-note.com/docs/pe-comprehensive-management-product-liability-act
digital-twin-cps,デジタルツイン・サイバーフィジカルシステム（CPS）,情報管理,10,9,令和8年度,平成22年度;平成28年度;平成29年度;平成30年度;令和2年度;令和3年度;令和4年度;令和5年度;令和8年度,https://doboku-note.com/docs/pe-comprehensive-management-digital-twin-cps
herzberg-two-factor-theory,ハーズバーグの二要因理論,人的資源管理,10,9,令和6年度,平成21年度;平成22年度;平成23年度;平成24年度;平成25年度;平成26年度;平成28年度;令和元年度;令和6年度,https://doboku-note.com/docs/pe-comprehensive-management-herzberg-two-factor-theory
fta,フォールトツリー分析（FTA）,安全管理,10,9,令和8年度,平成21年度;平成23年度;平成25年度;平成26年度;令和元年度;令和2年度;令和4年度;令和5年度;令和8年度,https://doboku-note.com/docs/pe-comprehensive-management-fta
safety-health-education,安全衛生教育,安全管理,10,9,令和6年度,平成24年度;平成26年度;平成27年度;平成28年度;平成30年度;令和2年度;令和3年度;令和4年度;令和6年度,https://doboku-note.com/docs/pe-comprehensive-management-safety-health-education
childcare-nursing-leave-act,育児・介護休業法,人的資源管理,10,9,令和7年度,平成22年度;平成23年度;平成24年度;平成27年度;平成30年度;令和3年度;令和5年度;令和6年度;令和7年度,https://doboku-note.com/docs/pe-comprehensive-management-childcare-nursing-leave-act
crisis-management-manual,危機管理マニュアル,安全管理,10,9,令和4年度,平成21年度;平成22年度;平成23年度;平成24年度;平成25年度;平成26年度;平成27年度;平成28年度;令和4年度,https://doboku-note.com/docs/pe-comprehensive-management-crisis-management-manual
consumer-product-safety-act,消費生活用製品安全法,安全管理,10,9,令和5年度,平成21年度;平成22年度;平成23年度;平成28年度;平成29年度;令和2年度;令和3年度;令和4年度;令和5年度,https://doboku-note.com/docs/pe-comprehensive-management-consumer-product-safety-act
reliability-block-diagram,信頼性ブロック図,安全管理,10,9,令和6年度,平成21年度;平成25年度;平成26年度;平成27年度;平成29年度;令和2年度;令和3年度;令和5年度;令和6年度,https://doboku-note.com/docs/pe-comprehensive-management-reliability-block-diagram
convention-on-biodiversity,生物多様性条約,社会環境管理,10,9,令和7年度,平成25年度;平成28年度;平成30年度;令和2年度;令和3年度;令和4年度;令和5年度;令和6年度;令和7年度,https://doboku-note.com/docs/pe-comprehensive-management-convention-on-biodiversity
linear-programming,線形計画法,経済性管理,10,9,令和7年度,平成24年度;平成25年度;平成28年度;平成29年度;令和元年度;令和2年度;令和5年度;令和6年度;令和7年度,https://doboku-note.com/docs/pe-comprehensive-management-linear-programming
quality-improvement,品質改善活動,経済性管理,10,9,令和6年度,平成23年度;平成25年度;平成26年度;平成28年度;平成29年度;平成30年度;令和2年度;令和5年度;令和6年度,https://doboku-note.com/docs/pe-comprehensive-management-quality-improvement
emergency,緊急事態,安全管理,10,7,令和6年度,平成22年度;平成23年度;平成25年度;平成26年度;平成27年度;令和5年度;令和6年度,https://doboku-note.com/docs/pe-comprehensive-management-emergency
citizen-participation,住民参加,情報管理,10,7,令和8年度,平成25年度;平成27年度;平成29年度;令和3年度;令和5年度;令和7年度;令和8年度,https://doboku-note.com/docs/pe-comprehensive-management-citizen-participation
intrinsic-motivation,内発的動機付け,人的資源管理,10,7,令和6年度,平成21年度;平成22年度;平成24年度;平成25年度;平成26年度;平成28年度;令和6年度,https://doboku-note.com/docs/pe-comprehensive-management-intrinsic-motivation
mcgregor-xy-theory,マクレガーのＸ理論とＹ理論,人的資源管理,9,9,令和6年度,平成21年度;平成22年度;平成23年度;平成24年度;平成25年度;平成27年度;平成28年度;令和元年度;令和6年度,https://doboku-note.com/docs/pe-comprehensive-management-mcgregor-xy-theory
maslow-hierarchy-of-needs,マズローの欲求５段階説,人的資源管理,9,9,令和6年度,平成21年度;平成22年度;平成23年度;平成24年度;平成25年度;平成27年度;平成28年度;令和元年度;令和6年度,https://doboku-note.com/docs/pe-comprehensive-management-maslow-hierarchy-of-needs
performance-evaluation,業績考課（成績考課）,人的資源管理,9,9,令和7年度,平成22年度;平成23年度;平成25年度;平成27年度;平成28年度;平成29年度;平成30年度;令和4年度;令和7年度,https://doboku-note.com/docs/pe-comprehensive-management-performance-evaluation
present-annual-future-value,現価（現在価値）・年価・終価,経済性管理,9,9,令和6年度,平成21年度;平成22年度;平成24年度;平成25年度;平成26年度;平成28年度;令和元年度;令和2年度;令和6年度,https://doboku-note.com/docs/pe-comprehensive-management-present-annual-future-value
accident-statistics,災害統計,安全管理,9,9,令和8年度,平成23年度;平成24年度;平成26年度;平成29年度;平成30年度;令和4年度;令和6年度;令和7年度;令和8年度,https://doboku-note.com/docs/pe-comprehensive-management-accident-statistics
trademark-rights,商標権（商標法）,情報管理,9,9,令和6年度,平成21年度;平成23年度;平成25年度;平成28年度;平成29年度;令和元年度;令和2年度;令和5年度;令和6年度,https://doboku-note.com/docs/pe-comprehensive-management-trademark-rights
master-schedule-planning,大日程計画・中日程計画・小日程計画,経済性管理,9,9,令和5年度,平成21年度;平成23年度;平成24年度;平成25年度;平成26年度;平成28年度;平成29年度;平成30年度;令和5年度,https://doboku-note.com/docs/pe-comprehensive-management-master-schedule-planning
quality-assurance,品質保証,経済性管理,9,9,令和6年度,平成21年度;平成22年度;平成24年度;平成25年度;平成28年度;平成30年度;令和3年度;令和5年度;令和6年度,https://doboku-note.com/docs/pe-comprehensive-management-quality-assurance
labor-relations-adjustment-act,労働関係調整法,人的資源管理,9,9,令和8年度,平成24年度;平成25年度;平成26年度;平成27年度;平成29年度;令和元年度;令和3年度;令和5年度;令和8年度,https://doboku-note.com/docs/pe-comprehensive-management-labor-relations-adjustment-act
dcf-method,DCF法,経済性管理,9,8,令和3年度,平成22年度;平成24年度;平成25年度;平成26年度;平成30年度;令和元年度;令和2年度;令和3年度,https://doboku-note.com/docs/pe-comprehensive-management-dcf-method
npv-net-present-value,NPV,経済性管理,9,8,令和6年度,平成22年度;平成24年度;平成25年度;平成26年度;平成30年度;令和2年度;令和3年度;令和6年度,https://doboku-note.com/docs/pe-comprehensive-management-npv-net-present-value
risk-perception,リスク認知,安全管理,9,8,令和6年度,平成21年度;平成23年度;平成26年度;平成27年度;平成29年度;令和2年度;令和5年度;令和6年度,https://doboku-note.com/docs/pe-comprehensive-management-risk-perception
labor-union-act,労働組合法,人的資源管理,9,8,令和8年度,平成24年度;平成25年度;平成26年度;平成27年度;平成29年度;令和元年度;令和3年度;令和8年度,https://doboku-note.com/docs/pe-comprehensive-management-labor-union-act
machine-learning,機械学習,情報管理,9,7,令和8年度,平成29年度;平成30年度;令和2年度;令和3年度;令和4年度;令和6年度;令和8年度,https://doboku-note.com/docs/pe-comprehensive-management-machine-learning
descriptive-statistics,記述統計,情報管理,9,7,令和7年度,平成25年度;令和元年度;令和2年度;令和3年度;令和4年度;令和5年度;令和7年度,https://doboku-note.com/docs/pe-comprehensive-management-descriptive-statistics
security-education,情報セキュリティ教育,情報管理,9,7,平成29年度,平成21年度;平成22年度;平成23年度;平成24年度;平成26年度;平成27年度;平成29年度,https://doboku-note.com/docs/pe-comprehensive-management-security-education
copyright,著作権（著作権法）,情報管理,9,7,令和7年度,平成21年度;平成23年度;平成25年度;平成26年度;平成28年度;令和4年度;令和7年度,https://doboku-note.com/docs/pe-comprehensive-management-copyright
disaster-weather-info,防災気象情報,安全管理,9,7,令和7年度,平成22年度;平成25年度;平成29年度;平成30年度;令和5年度;令和6年度;令和7年度,https://doboku-note.com/docs/pe-comprehensive-management-disaster-weather-info
csr,CSR,社会環境管理,8,8,令和8年度,平成24年度;平成25年度;平成28年度;令和2年度;令和3年度;令和4年度;令和6年度;令和8年度,https://doboku-note.com/docs/pe-comprehensive-management-csr
esg-investment,ESG投資・ESG金融,社会環境管理,8,8,令和6年度,平成23年度;平成24年度;平成26年度;令和2年度;令和3年度;令和4年度;令和5年度;令和6年度,https://doboku-note.com/docs/pe-comprehensive-management-esg-investment
risk-treatment,リスク対応,安全管理,8,8,令和5年度,平成21年度;平成23年度;平成24年度;平成27年度;平成28年度;平成30年度;令和2年度;令和5年度,https://doboku-note.com/docs/pe-comprehensive-management-risk-treatment
system-availability,可用性（Availability）,情報管理,8,8,令和6年度,平成21年度;平成23年度;平成24年度;平成26年度;平成27年度;平成29年度;令和2年度;令和6年度,https://doboku-note.com/docs/pe-comprehensive-management-system-availability
hierarchical-training,階層別研修,人的資源管理,8,8,令和2年度,平成21年度;平成22年度;平成25年度;平成26年度;平成27年度;平成29年度;平成30年度;令和2年度,https://doboku-note.com/docs/pe-comprehensive-management-hierarchical-training
probabilistic-risk-assessment,確率論的リスク評価,安全管理,8,8,令和2年度,平成21年度;平成22年度;平成24年度;平成25年度;平成26年度;平成28年度;平成29年度;令和2年度,https://doboku-note.com/docs/pe-comprehensive-management-probabilistic-risk-assessment
discount-rate,割引率,経済性管理,8,8,令和6年度,平成22年度;平成24年度;平成25年度;平成26年度;平成28年度;平成30年度;令和2年度;令和6年度,https://doboku-note.com/docs/pe-comprehensive-management-discount-rate
personal-information,個人情報,情報管理,8,8,令和3年度,平成21年度;平成24年度;平成26年度;平成28年度;平成29年度;平成30年度;令和2年度;令和3年度,https://doboku-note.com/docs/pe-comprehensive-management-personal-information
public-acceptance,社会的受容（PA）,情報管理,8,8,令和8年度,平成23年度;平成25年度;平成26年度;平成27年度;令和2年度;令和5年度;令和7年度;令和8年度,https://doboku-note.com/docs/pe-comprehensive-management-public-acceptance
demand-forecasting,需要予測,経済性管理,8,8,令和8年度,平成22年度;平成23年度;平成25年度;平成26年度;令和元年度;令和3年度;令和4年度;令和8年度,https://doboku-note.com/docs/pe-comprehensive-management-demand-forecasting
equal-employment-act,男女雇用機会均等法,人的資源管理,8,8,令和6年度,平成21年度;平成24年度;平成26年度;平成28年度;平成30年度;令和2年度;令和5年度;令和6年度,https://doboku-note.com/docs/pe-comprehensive-management-equal-employment-act
series-system,直列システム,安全管理,8,8,令和6年度,平成23年度;平成25年度;平成27年度;平成29年度;令和2年度;令和3年度;令和5年度;令和6年度,https://doboku-note.com/docs/pe-comprehensive-management-series-system
seven-types-of-pollution,典型７公害,社会環境管理,8,8,令和7年度,平成24年度;平成25年度;平成27年度;平成28年度;平成30年度;令和3年度;令和4年度;令和7年度,https://doboku-note.com/docs/pe-comprehensive-management-seven-types-of-pollution
parallel-system,並列システム,安全管理,8,8,令和6年度,平成23年度;平成25年度;平成27年度;平成29年度;令和2年度;令和3年度;令和5年度;令和6年度,https://doboku-note.com/docs/pe-comprehensive-management-parallel-system
internet,インターネット,情報管理,8,7,令和5年度,平成22年度;平成23年度;平成24年度;平成25年度;平成28年度;平成29年度;令和5年度,https://doboku-note.com/docs/pe-comprehensive-management-internet
stakeholder,ステーク・ホルダー,情報管理,8,7,令和5年度,平成23年度;平成25年度;平成29年度;令和2年度;令和3年度;令和4年度;令和5年度,https://doboku-note.com/docs/pe-comprehensive-management-stakeholder
positive-action,ポジティブアクション,人的資源管理,8,7,令和6年度,平成26年度;平成28年度;平成30年度;令和2年度;令和3年度;令和5年度;令和6年度,https://doboku-note.com/docs/pe-comprehensive-management-positive-action
lifecycle-management,ライフサイクルマネジメント,経済性管理,8,7,令和3年度,平成21年度;平成22年度;平成24年度;平成27年度;平成28年度;平成29年度;令和3年度,https://doboku-note.com/docs/pe-comprehensive-management-lifecycle-management
prtr-act,化管法／PRTR法,社会環境管理,8,7,令和5年度,平成22年度;平成25年度;平成26年度;平成28年度;平成29年度;令和3年度;令和5年度,https://doboku-note.com/docs/pe-comprehensive-management-prtr-act
health-management,健康経営,人的資源管理,8,7,令和8年度,平成23年度;平成30年度;令和2年度;令和4年度;令和5年度;令和6年度;令和8年度,https://doboku-note.com/docs/pe-comprehensive-management-health-management
targeted-attack,標的型攻撃,情報管理,8,7,令和6年度,平成24年度;平成25年度;平成26年度;平成29年度;平成30年度;令和元年度;令和6年度,https://doboku-note.com/docs/pe-comprehensive-management-targeted-attack
environmental-communication,環境コミュニケーション,社会環境管理,8,6,令和5年度,平成22年度;平成23年度;平成25年度;平成28年度;令和3年度;令和5年度,https://doboku-note.com/docs/pe-comprehensive-management-environmental-communication
linear-regression,線形回帰と最小二乗法,情報管理,8,6,令和8年度,令和2年度;令和3年度;令和4年度;令和5年度;令和6年度;令和8年度,https://doboku-note.com/docs/pe-comprehensive-management-linear-regression
cyber-security,サイバー安全保障,情報管理,8,5,令和2年度,平成26年度;平成28年度;平成29年度;平成30年度;令和2年度,https://doboku-note.com/docs/pe-comprehensive-management-cyber-security
jit-production,JIT生産方式,経済性管理,7,7,令和6年度,平成24年度;平成28年度;平成29年度;令和3年度;令和4年度;令和5年度;令和6年度,https://doboku-note.com/docs/pe-comprehensive-management-jit-production
incentive,インセンティブ,人的資源管理,7,7,令和6年度,平成22年度;平成23年度;平成25年度;平成27年度;平成28年度;令和4年度;令和6年度,https://doboku-note.com/docs/pe-comprehensive-management-incentive
fail-safe,フェールセーフ,安全管理,7,7,令和6年度,平成21年度;平成22年度;平成25年度;平成26年度;平成27年度;令和元年度;令和6年度,https://doboku-note.com/docs/pe-comprehensive-management-fail-safe
matrix-organization,マトリクス組織,人的資源管理,7,7,令和4年度,平成21年度;平成22年度;平成24年度;平成26年度;平成29年度;令和3年度;令和4年度,https://doboku-note.com/docs/pe-comprehensive-management-matrix-organization
mental-health,メンタルヘルス,安全管理,7,7,令和6年度,平成21年度;平成23年度;平成25年度;平成27年度;平成28年度;令和3年度;令和6年度,https://doboku-note.com/docs/pe-comprehensive-management-mental-health
risk-management-system,リスクマネジメントシステム,安全管理,7,7,令和5年度,平成21年度;平成23年度;平成24年度;平成30年度;令和元年度;令和4年度;令和5年度,https://doboku-note.com/docs/pe-comprehensive-management-risk-management-system
risk-analysis,リスク分析,安全管理,7,7,令和5年度,平成23年度;平成28年度;平成29年度;平成30年度;令和元年度;令和3年度;令和5年度,https://doboku-note.com/docs/pe-comprehensive-management-risk-analysis
safety-health-org-structure,安全衛生管理体制,安全管理,7,7,令和8年度,平成24年度;平成26年度;平成27年度;令和3年度;令和4年度;令和5年度;令和8年度,https://doboku-note.com/docs/pe-comprehensive-management-safety-health-org-structure
training-techniques,教育訓練技法（ブレインストーミング，ケーススタディ，インバスケット，ロールプレイング等）,人的資源管理,7,7,令和5年度,平成21年度;平成22年度;平成25年度;平成26年度;令和元年度;令和2年度;令和5年度,https://doboku-note.com/docs/pe-comprehensive-management-training-techniques
discretionary-work-system,裁量労働制,人的資源管理,7,7,令和6年度,平成23年度;平成24年度;平成25年度;平成28年度;令和4年度;令和5年度;令和6年度,https://doboku-note.com/docs/pe-comprehensive-management-discretionary-work-system
accounting-systems,財務会計・管理会計システム,情報管理,7,7,令和3年度,平成21年度;平成22年度;平成23年度;平成28年度;平成29年度;平成30年度;令和3年度,https://doboku-note.com/docs/pe-comprehensive-management-accounting-systems
industrial-property-rights,産業財産権,情報管理,7,7,令和6年度,平成21年度;平成23年度;平成25年度;平成26年度;平成30年度;令和4年度;令和6年度,https://doboku-note.com/docs/pe-comprehensive-management-industrial-property-rights
consumer-safety,消費者安全,安全管理,7,7,令和6年度,平成22年度;平成28年度;平成29年度;令和2年度;令和3年度;令和5年度;令和6年度,https://doboku-note.com/docs/pe-comprehensive-management-consumer-safety
redundancy-safety,冗長安全,安全管理,7,7,令和3年度,平成21年度;平成23年度;平成25年度;平成26年度;平成29年度;令和2年度;令和3年度,https://doboku-note.com/docs/pe-comprehensive-management-redundancy-safety
functional-organization,職能別組織,人的資源管理,7,7,令和4年度,平成21年度;平成22年度;平成24年度;平成26年度;平成29年度;令和3年度;令和4年度,https://doboku-note.com/docs/pe-comprehensive-management-functional-organization
progress-management,進捗管理,経済性管理,7,7,令和6年度,平成22年度;平成24年度;平成26年度;令和3年度;令和4年度;令和5年度;令和6年度,https://doboku-note.com/docs/pe-comprehensive-management-progress-management
direct-costing,直接原価計算,経済性管理,7,7,令和7年度,平成25年度;平成27年度;平成30年度;令和2年度;令和3年度;令和5年度;令和7年度,https://doboku-note.com/docs/pe-comprehensive-management-direct-costing
investment-recovery-plan,投資回収計画,経済性管理,7,7,令和6年度,平成24年度;平成25年度;平成27年度;平成28年度;平成30年度;令和3年度;令和6年度,https://doboku-note.com/docs/pe-comprehensive-management-investment-recovery-plan
cause-and-effect-diagram,特性要因図,経済性管理,7,7,令和6年度,平成23年度;平成24年度;平成25年度;平成26年度;平成28年度;令和5年度;令和6年度,https://doboku-note.com/docs/pe-comprehensive-management-cause-and-effect-diagram
standard-costing,標準原価計算,経済性管理,7,7,令和8年度,平成24年度;平成25年度;平成26年度;平成27年度;令和2年度;令和3年度;令和8年度,https://doboku-note.com/docs/pe-comprehensive-management-standard-costing
pmbok,PMBOK,経済性管理,7,6,令和5年度,平成23年度;平成25年度;平成27年度;令和2年度;令和4年度;令和5年度,https://doboku-note.com/docs/pe-comprehensive-management-pmbok
lifecycle-costing-method,ライフサイクルコスティング,経済性管理,7,6,令和3年度,平成21年度;平成22年度;平成24年度;平成27年度;平成29年度;令和3年度,https://doboku-note.com/docs/pe-comprehensive-management-lifecycle-costing-method
safety-management-system,安全マネジメントシステム,安全管理,7,6,令和6年度,平成21年度;平成22年度;平成30年度;令和2年度;令和5年度;令和6年度,https://doboku-note.com/docs/pe-comprehensive-management-safety-management-system
eco-label,環境ラベル,社会環境管理,7,6,令和6年度,平成22年度;平成23年度;平成27年度;平成28年度;令和3年度;令和6年度,https://doboku-note.com/docs/pe-comprehensive-management-eco-label
formal-informal-organization,公式組織・非公式組織,人的資源管理,7,6,令和3年度,平成21年度;平成22年度;平成23年度;平成26年度;平成27年度;令和3年度,https://doboku-note.com/docs/pe-comprehensive-management-formal-informal-organization
information-disclosure,情報開示,情報管理,7,6,令和6年度,平成22年度;平成25年度;平成28年度;令和3年度;令和4年度;令和6年度,https://doboku-note.com/docs/pe-comprehensive-management-information-disclosure
disaster-prevention,防災,安全管理,7,6,令和6年度,平成29年度;平成30年度;令和元年度;令和4年度;令和5年度;令和6年度,https://doboku-note.com/docs/pe-comprehensive-management-disaster-prevention
osh-management-system,労働安全衛生管理システム,安全管理,7,6,令和7年度,平成25年度;令和3年度;令和4年度;令和5年度;令和6年度;令和7年度,https://doboku-note.com/docs/pe-comprehensive-management-osh-management-system
mobile-communication,移動通信,情報管理,7,5,令和5年度,平成23年度;平成25年度;平成30年度;令和2年度;令和5年度,https://doboku-note.com/docs/pe-comprehensive-management-mobile-communication
five-s,5S,経済性管理,6,6,令和7年度,平成22年度;平成25年度;平成27年度;平成30年度;令和5年度;令和7年度,https://doboku-note.com/docs/pe-comprehensive-management-five-s
fmea,FMEA,安全管理,6,6,令和8年度,平成21年度;平成23年度;平成26年度;令和2年度;令和4年度;令和8年度,https://doboku-note.com/docs/pe-comprehensive-management-fmea
eco-action-21,エコアクション21,社会環境管理,6,6,令和7年度,平成22年度;平成23年度;平成25年度;平成28年度;令和2年度;令和7年度,https://doboku-note.com/docs/pe-comprehensive-management-eco-action-21
servant-leadership,サーバントリーダーシップ,人的資源管理,6,6,令和7年度,平成25年度;平成26年度;平成28年度;平成30年度;令和2年度;令和7年度,https://doboku-note.com/docs/pe-comprehensive-management-servant-leadership
knowledge-sharing,ナレッジマネジメント,情報管理,6,6,令和5年度,平成22年度;平成23年度;平成24年度;平成26年度;平成28年度;令和5年度,https://doboku-note.com/docs/pe-comprehensive-management-knowledge-sharing
bathtub-curve,バスタブカーブ,経済性管理,6,6,令和7年度,平成23年度;令和元年度;令和2年度;令和4年度;令和5年度;令和7年度,https://doboku-note.com/docs/pe-comprehensive-management-bathtub-curve
fool-proof,フールプルーフ,安全管理,6,6,令和6年度,平成21年度;平成24年度;平成25年度;平成27年度;令和元年度;令和6年度,https://doboku-note.com/docs/pe-comprehensive-management-fool-proof
fault-tolerance,フォールトトレランス,安全管理,6,6,令和元年度,平成21年度;平成23年度;平成24年度;平成25年度;平成26年度;令和元年度,https://doboku-note.com/docs/pe-comprehensive-management-fault-tolerance
flextime-system,フレックスタイム制,人的資源管理,6,6,令和6年度,平成23年度;平成25年度;平成27年度;平成30年度;令和4年度;令和6年度,https://doboku-note.com/docs/pe-comprehensive-management-flextime-system
blockchain-crypto,ブロックチェーン・暗号資産,情報管理,6,6,令和6年度,平成24年度;平成29年度;平成30年度;令和4年度;令和5年度;令和6年度,https://doboku-note.com/docs/pe-comprehensive-management-blockchain-crypto
ramsar-convention,ラムサール条約,社会環境管理,6,6,令和7年度,平成21年度;平成30年度;令和2年度;令和3年度;令和5年度;令和7年度,https://doboku-note.com/docs/pe-comprehensive-management-ramsar-convention
resilience,レジリエンス,安全管理,6,6,令和6年度,平成24年度;平成27年度;令和2年度;令和4年度;令和5年度;令和6年度,https://doboku-note.com/docs/pe-comprehensive-management-resilience
improvement-maintenance,改良保全,経済性管理,6,6,令和5年度,平成21年度;平成23年度;平成25年度;令和2年度;令和4年度;令和5年度,https://doboku-note.com/docs/pe-comprehensive-management-improvement-maintenance
confidentiality,機密性,情報管理,6,6,令和6年度,平成26年度;平成27年度;平成29年度;令和3年度;令和4年度;令和6年度,https://doboku-note.com/docs/pe-comprehensive-management-confidentiality
cost-variance-analysis,原価差異分析,経済性管理,6,6,令和6年度,平成24年度;平成25年度;令和2年度;令和3年度;令和5年度;令和6年度,https://doboku-note.com/docs/pe-comprehensive-management-cost-variance-analysis
self-development,自己啓発,人的資源管理,6,6,令和8年度,平成25年度;平成29年度;平成30年度;令和2年度;令和6年度;令和8年度,https://doboku-note.com/docs/pe-comprehensive-management-self-development
utility-model-rights,実用新案権（実用新案法）,情報管理,6,6,令和6年度,平成25年度;平成27年度;平成28年度;平成29年度;令和2年度;令和6年度,https://doboku-note.com/docs/pe-comprehensive-management-utility-model-rights
water-pollution-control-act,水質汚濁防止法,社会環境管理,6,6,令和7年度,平成21年度;平成25年度;平成28年度;平成30年度;令和3年度;令和7年度,https://doboku-note.com/docs/pe-comprehensive-management-water-pollution-control-act
integer-programming,整数計画法,経済性管理,6,6,令和6年度,平成24年度;平成25年度;平成28年度;平成29年度;令和5年度;令和6年度,https://doboku-note.com/docs/pe-comprehensive-management-integer-programming
multi-objective-optimization,多目的最適化,経済性管理,6,6,令和6年度,平成24年度;平成28年度;平成29年度;令和2年度;令和5年度;令和6年度,https://doboku-note.com/docs/pe-comprehensive-management-multi-objective-optimization
equal-pay-for-equal-work,同一労働同一賃金,人的資源管理,6,6,令和7年度,平成21年度;平成28年度;平成29年度;令和3年度;令和4年度;令和7年度,https://doboku-note.com/docs/pe-comprehensive-management-equal-pay-for-equal-work
anonymized-information,匿名加工情報,情報管理,6,6,令和8年度,平成26年度;平成29年度;平成30年度;令和2年度;令和3年度;令和8年度,https://doboku-note.com/docs/pe-comprehensive-management-anonymized-information
antitrust-compliance,独占禁止法とコンプライアンス,情報管理,6,6,令和7年度,平成22年度;平成24年度;平成28年度;平成30年度;令和6年度;令和7年度,https://doboku-note.com/docs/pe-comprehensive-management-antitrust-compliance
load-leveling,負荷平準化（山積み・山くずし）,経済性管理,6,6,令和8年度,平成21年度;平成22年度;平成23年度;平成26年度;平成27年度;令和8年度,https://doboku-note.com/docs/pe-comprehensive-management-load-leveling
maintenance-prevention,保全予防,経済性管理,6,6,令和4年度,平成21年度;平成23年度;平成25年度;平成26年度;令和2年度;令和4年度,https://doboku-note.com/docs/pe-comprehensive-management-maintenance-prevention
radioactive-waste,放射性廃棄物,社会環境管理,6,6,令和7年度,平成24年度;平成26年度;平成28年度;平成29年度;令和元年度;令和7年度,https://doboku-note.com/docs/pe-comprehensive-management-radioactive-waste
mbo,目標管理制度（MBO）,人的資源管理,6,6,令和4年度,平成23年度;平成27年度;平成28年度;平成29年度;平成30年度;令和4年度,https://doboku-note.com/docs/pe-comprehensive-management-mbo
pm-theory,PM理論,人的資源管理,6,5,令和7年度,平成25年度;平成26年度;平成28年度;令和2年度;令和7年度,https://doboku-note.com/docs/pe-comprehensive-management-pm-theory
eta,イベントツリー分析（ETA）,安全管理,6,5,令和5年度,平成23年度;平成26年度;令和2年度;令和4年度;令和5年度,https://doboku-note.com/docs/pe-comprehensive-management-eta
scm-system,サプライチェーンマネジメント（SCM）システム,情報管理,6,5,平成30年度,平成21年度;平成24年度;平成27年度;平成28年度;平成30年度,https://doboku-note.com/docs/pe-comprehensive-management-scm-system
part-time-fixed-term-act,パートタイム・有期雇用労働法,人的資源管理,6,5,令和7年度,平成22年度;平成29年度;令和3年度;令和4年度;令和7年度,https://doboku-note.com/docs/pe-comprehensive-management-part-time-fixed-term-act
design-for-environment,環境適合設計,社会環境管理,6,5,平成29年度,平成23年度;平成24年度;平成26年度;平成28年度;平成29年度,https://doboku-note.com/docs/pe-comprehensive-management-design-for-environment
alert-levels,警戒レベル,安全管理,6,5,令和7年度,平成25年度;平成29年度;令和4年度;令和6年度;令和7年度,https://doboku-note.com/docs/pe-comprehensive-management-alert-levels
corrective-maintenance,事後保全,経済性管理,6,5,令和7年度,平成23年度;平成25年度;平成29年度;令和2年度;令和7年度,https://doboku-note.com/docs/pe-comprehensive-management-corrective-maintenance
employment-statistics,就労状況・労働統計,人的資源管理,6,5,令和3年度,平成24年度;平成28年度;平成29年度;平成30年度;令和3年度,https://doboku-note.com/docs/pe-comprehensive-management-employment-statistics
small-group-activities,小集団活動（ZD運動，改善提案活動，TPM，TQC等）,安全管理,6,5,平成28年度,平成22年度;平成24年度;平成26年度;平成27年度;平成28年度,https://doboku-note.com/docs/pe-comprehensive-management-small-group-activities
psychological-safety,心理的安全性,人的資源管理,6,5,令和8年度,平成27年度;令和3年度;令和5年度;令和7年度;令和8年度,https://doboku-note.com/docs/pe-comprehensive-management-psychological-safety
generative-ai,生成AI,情報管理,6,5,令和8年度,平成29年度;令和2年度;令和3年度;令和4年度;令和8年度,https://doboku-note.com/docs/pe-comprehensive-management-generative-ai
vulnerability,脆弱性（セキュリティホール）,情報管理,6,5,令和6年度,平成22年度;平成23年度;平成25年度;平成28年度;令和6年度,https://doboku-note.com/docs/pe-comprehensive-management-vulnerability
equipment-reliability,設備の信頼性,経済性管理,6,5,令和6年度,平成29年度;令和2年度;令和4年度;令和5年度;令和6年度,https://doboku-note.com/docs/pe-comprehensive-management-equipment-reliability
organizational-commitment,組織コミットメント,人的資源管理,6,5,令和5年度,平成22年度;平成27年度;令和3年度;令和4年度;令和5年度,https://doboku-note.com/docs/pe-comprehensive-management-organizational-commitment
cost-effectiveness-analysis,費用効果分析,経済性管理,6,5,令和3年度,平成22年度;平成27年度;平成29年度;平成30年度;令和3年度,https://doboku-note.com/docs/pe-comprehensive-management-cost-effectiveness-analysis
labor-productivity,労働生産性,人的資源管理,6,5,令和3年度,平成21年度;平成27年度;平成28年度;平成30年度;令和3年度,https://doboku-note.com/docs/pe-comprehensive-management-labor-productivity
sl-theory,SL理論,人的資源管理,5,5,令和7年度,平成21年度;平成25年度;平成26年度;平成30年度;令和7年度,https://doboku-note.com/docs/pe-comprehensive-management-sl-theory
web-services,WEBサービス,情報管理,5,5,令和8年度,平成23年度;平成25年度;平成27年度;令和6年度;令和8年度,https://doboku-note.com/docs/pe-comprehensive-management-web-services
access-control,アクセス制御・アクセス権限設定,情報管理,5,5,令和3年度,平成23年度;平成27年度;平成28年度;令和元年度;令和3年度,https://doboku-note.com/docs/pe-comprehensive-management-access-control
activity-abc,アクティビティ,経済性管理,5,5,令和6年度,平成24年度;平成28年度;平成30年度;令和元年度;令和6年度,https://doboku-note.com/docs/pe-comprehensive-management-activity-abc
interlock,インターロック（安全装置・安全機構）,安全管理,5,5,令和6年度,平成22年度;平成24年度;平成26年度;平成27年度;令和6年度,https://doboku-note.com/docs/pe-comprehensive-management-interlock
edge-computing,エッジコンピューティング,情報管理,5,5,令和6年度,平成29年度;令和2年度;令和3年度;令和5年度;令和6年度,https://doboku-note.com/docs/pe-comprehensive-management-edge-computing
job-type-employment,ジョブ型（職務主義）,人的資源管理,5,5,令和8年度,平成28年度;平成30年度;令和4年度;令和5年度;令和8年度,https://doboku-note.com/docs/pe-comprehensive-management-job-type-employment
data-mining,データマイニング,情報管理,5,5,令和6年度,平成22年度;平成23年度;平成27年度;令和2年度;令和6年度,https://doboku-note.com/docs/pe-comprehensive-management-data-mining
power-harassment,パワーハラスメント,人的資源管理,5,5,令和8年度,平成28年度;令和元年度;令和3年度;令和5年度;令和8年度,https://doboku-note.com/docs/pe-comprehensive-management-power-harassment
pull-production,プル型生産方式,経済性管理,5,5,令和6年度,平成23年度;平成28年度;平成29年度;令和3年度;令和6年度,https://doboku-note.com/docs/pe-comprehensive-management-pull-production
lead-time,リードタイム,経済性管理,5,5,令和8年度,平成27年度;令和2年度;令和5年度;令和6年度;令和8年度,https://doboku-note.com/docs/pe-comprehensive-management-lead-time
tacit-knowledge,暗黙知,情報管理,5,5,令和5年度,平成22年度;平成23年度;平成26年度;平成28年度;令和5年度,https://doboku-note.com/docs/pe-comprehensive-management-tacit-knowledge
polluter-pays-principle,汚染者負担原則（PPP）,社会環境管理,5,5,平成29年度,平成21年度;平成24年度;平成26年度;平成28年度;平成29年度,https://doboku-note.com/docs/pe-comprehensive-management-polluter-pays-principle
chemical-substances-review-act,化審法,社会環境管理,5,5,令和8年度,平成22年度;平成23年度;平成25年度;平成29年度;令和8年度,https://doboku-note.com/docs/pe-comprehensive-management-chemical-substances-review-act
pdpc-method,過程決定計画図（PDPC法）,経済性管理,5,5,令和6年度,平成24年度;平成25年度;平成26年度;平成27年度;令和6年度,https://doboku-note.com/docs/pe-comprehensive-management-pdpc-method
payback-period-method,回収期間法,経済性管理,5,5,令和8年度,平成24年度;平成25年度;平成28年度;令和3年度;令和8年度,https://doboku-note.com/docs/pe-comprehensive-management-payback-period-method
kyt,危険予知訓練（KYT）,安全管理,5,5,令和7年度,平成22年度;平成24年度;平成28年度;令和3年度;令和7年度,https://doboku-note.com/docs/pe-comprehensive-management-kyt
emergency-info-systems,緊急時情報システム・サービス,情報管理,5,5,令和5年度,平成23年度;平成24年度;平成25年度;平成27年度;令和5年度,https://doboku-note.com/docs/pe-comprehensive-management-emergency-info-systems
explicit-knowledge,形式知,情報管理,5,5,令和5年度,平成22年度;平成23年度;平成26年度;平成28年度;令和5年度,https://doboku-note.com/docs/pe-comprehensive-management-explicit-knowledge
data-breach-response,個人情報の漏洩時対応,情報管理,5,5,令和6年度,平成21年度;平成24年度;平成25年度;令和3年度;令和6年度,https://doboku-note.com/docs/pe-comprehensive-management-data-breach-response
individual-labor-dispute-act,個別労働紛争解決促進法,人的資源管理,5,5,令和5年度,平成24年度;平成25年度;平成27年度;平成29年度;令和5年度,https://doboku-note.com/docs/pe-comprehensive-management-individual-labor-dispute-act
process-capability-index,工程能力指数（Cp・Cpk）,経済性管理,5,5,令和7年度,平成30年度;令和2年度;令和3年度;令和6年度;令和7年度,https://doboku-note.com/docs/pe-comprehensive-management-process-capability-index
divisional-organization,事業部制組織,人的資源管理,5,5,令和3年度,平成22年度;平成24年度;平成26年度;平成29年度;令和3年度,https://doboku-note.com/docs/pe-comprehensive-management-divisional-organization
women-empowerment-act,女性活躍推進法,人的資源管理,5,5,令和5年度,平成26年度;平成28年度;平成29年度;平成30年度;令和5年度,https://doboku-note.com/docs/pe-comprehensive-management-women-empowerment-act
job-design,職務設計,人的資源管理,5,5,平成30年度,平成22年度;平成25年度;平成26年度;平成28年度;平成30年度,https://doboku-note.com/docs/pe-comprehensive-management-job-design
system-reliability,信頼性（Reliability）,情報管理,5,5,令和6年度,平成23年度;平成27年度;令和2年度;令和3年度;令和6年度,https://doboku-note.com/docs/pe-comprehensive-management-system-reliability
estimation-testing,推定・検定,情報管理,5,5,令和7年度,令和2年度;令和3年度;令和4年度;令和5年度;令和7年度,https://doboku-note.com/docs/pe-comprehensive-management-estimation-testing
theory-of-constraints,制約条件の理論（TOC）,経済性管理,5,5,令和4年度,平成23年度;平成28年度;平成30年度;令和3年度;令和4年度,https://doboku-note.com/docs/pe-comprehensive-management-theory-of-constraints
performance-based-pay,成果主義賃金,人的資源管理,5,5,令和5年度,平成24年度;平成29年度;平成30年度;令和3年度;令和5年度,https://doboku-note.com/docs/pe-comprehensive-management-performance-based-pay
product-liability,製造物責任（PL）,経済性管理,5,5,令和4年度,平成21年度;平成22年度;平成26年度;平成27年度;令和4年度,https://doboku-note.com/docs/pe-comprehensive-management-product-liability
break-even-point,損益分岐点・限界利益・優劣分岐点,経済性管理,5,5,令和7年度,平成21年度;平成29年度;令和3年度;令和5年度;令和7年度,https://doboku-note.com/docs/pe-comprehensive-management-break-even-point
gender-equality-act,男女共同参画社会基本法,人的資源管理,5,5,令和6年度,平成22年度;平成26年度;令和3年度;令和5年度;令和6年度,https://doboku-note.com/docs/pe-comprehensive-management-gender-equality-act
ip-protection,知的財産の保護,情報管理,5,5,令和6年度,平成23年度;平成25年度;平成28年度;平成29年度;令和6年度,https://doboku-note.com/docs/pe-comprehensive-management-ip-protection
unfair-competition-prevention-act,不正競争防止法,情報管理,5,5,令和5年度,平成21年度;平成22年度;平成23年度;平成25年度;令和5年度,https://doboku-note.com/docs/pe-comprehensive-management-unfair-competition-prevention-act
inherent-safety,本質安全,安全管理,5,5,令和7年度,平成21年度;平成26年度;令和3年度;令和5年度;令和7年度,https://doboku-note.com/docs/pe-comprehensive-management-inherent-safety
predictive-maintenance,予知保全,経済性管理,5,5,令和8年度,平成25年度;平成29年度;令和2年度;令和4年度;令和8年度,https://doboku-note.com/docs/pe-comprehensive-management-predictive-maintenance
scientific-management,テイラーの科学的管理法,人的資源管理,5,4,令和6年度,平成21年度;平成23年度;平成27年度;令和6年度,https://doboku-note.com/docs/pe-comprehensive-management-scientific-management
hazard-map,ハザードマップ,社会環境管理,5,4,令和6年度,平成22年度;令和元年度;令和4年度;令和6年度,https://doboku-note.com/docs/pe-comprehensive-management-hazard-map
safety-health-policy,安全衛生方針,安全管理,5,4,令和7年度,平成25年度;令和3年度;令和6年度;令和7年度,https://doboku-note.com/docs/pe-comprehensive-management-safety-health-policy
biodiversity-basic-act,生物多様性基本法,社会環境管理,5,4,令和4年度,平成21年度;平成30年度;令和3年度;令和4年度,https://doboku-note.com/docs/pe-comprehensive-management-biodiversity-basic-act
zero-trust,ゼロトラスト,情報管理,5,3,令和7年度,令和3年度;令和6年度;令和7年度,https://doboku-note.com/docs/pe-comprehensive-management-zero-trust
hazop,HAZOP,安全管理,4,4,令和4年度,平成23年度;平成26年度;令和2年度;令和4年度,https://doboku-note.com/docs/pe-comprehensive-management-hazop
iso-26000,ISO 26000,社会環境管理,4,4,令和7年度,令和2年度;令和3年度;令和6年度;令和7年度,https://doboku-note.com/docs/pe-comprehensive-management-iso-26000
pfi,PFI,経済性管理,4,4,令和3年度,平成21年度;平成27年度;平成28年度;令和3年度,https://doboku-note.com/docs/pe-comprehensive-management-pfi
qc-circle,QCサークル,人的資源管理,4,4,平成29年度,平成24年度;平成26年度;平成28年度;平成29年度,https://doboku-note.com/docs/pe-comprehensive-management-qc-circle
career-path,キャリアパス,人的資源管理,4,4,令和7年度,令和2年度;令和3年度;令和6年度;令和7年度,https://doboku-note.com/docs/pe-comprehensive-management-career-path
network-organization,ネットワーク組織,人的資源管理,4,4,令和4年度,平成24年度;平成29年度;令和3年度;令和4年度,https://doboku-note.com/docs/pe-comprehensive-management-network-organization
pyramid-organization,ピラミッド組織,人的資源管理,4,4,令和8年度,平成22年度;平成29年度;令和4年度;令和8年度,https://doboku-note.com/docs/pe-comprehensive-management-pyramid-organization
phishing-pharming,フィッシング詐欺・ファーミング詐欺,情報管理,4,4,平成30年度,平成21年度;平成24年度;平成29年度;平成30年度,https://doboku-note.com/docs/pe-comprehensive-management-phishing-pharming
push-production,プッシュ型生産方式,経済性管理,4,4,令和6年度,平成23年度;平成28年度;平成29年度;令和6年度,https://doboku-note.com/docs/pe-comprehensive-management-push-production
flat-organization,フラット組織,人的資源管理,4,4,令和8年度,平成22年度;平成29年度;令和3年度;令和8年度,https://doboku-note.com/docs/pe-comprehensive-management-flat-organization
hawthorne-experiment,メイヨーのホーソン実験,人的資源管理,4,4,平成27年度,平成21年度;平成22年度;平成23年度;平成27年度,https://doboku-note.com/docs/pe-comprehensive-management-hawthorne-experiment
mentor,メンター,人的資源管理,4,4,令和7年度,平成29年度;令和3年度;令和6年度;令和7年度,https://doboku-note.com/docs/pe-comprehensive-management-mentor
membership-type-employment,メンバーシップ型（属人主義）,人的資源管理,4,4,令和8年度,平成28年度;平成30年度;令和4年度;令和8年度,https://doboku-note.com/docs/pe-comprehensive-management-membership-type-employment
risk-map-matrix,リスクマップ／リスクマトリクス,安全管理,4,4,平成28年度,平成22年度;平成24年度;平成27年度;平成28年度,https://doboku-note.com/docs/pe-comprehensive-management-risk-map-matrix
visual-management,可視化（目で見る管理）,経済性管理,4,4,令和6年度,平成22年度;平成27年度;令和5年度;令和6年度,https://doboku-note.com/docs/pe-comprehensive-management-visual-management
ocean-plastic,海洋プラスチック問題,社会環境管理,4,4,令和6年度,令和2年度;令和4年度;令和5年度;令和6年度,https://doboku-note.com/docs/pe-comprehensive-management-ocean-plastic
disclosure-standards,開示基準,情報管理,4,4,令和4年度,平成22年度;平成25年度;平成28年度;令和4年度,https://doboku-note.com/docs/pe-comprehensive-management-disclosure-standards
functional-safety,機能安全,安全管理,4,4,令和7年度,平成22年度;平成26年度;令和2年度;令和7年度,https://doboku-note.com/docs/pe-comprehensive-management-functional-safety
continued-employment-system,継続雇用制度,人的資源管理,4,4,令和6年度,平成23年度;平成27年度;令和2年度;令和6年度,https://doboku-note.com/docs/pe-comprehensive-management-continued-employment-system
nuclear-disaster-act,原子力災害対策特別措置法,社会環境管理,4,4,令和7年度,平成26年度;平成29年度;令和元年度;令和7年度,https://doboku-note.com/docs/pe-comprehensive-management-nuclear-disaster-act
inventory-control,現品管理,経済性管理,4,4,令和5年度,平成22年度;平成26年度;平成28年度;令和5年度,https://doboku-note.com/docs/pe-comprehensive-management-inventory-control
elderly-employment-act,高年齢者雇用安定法,人的資源管理,4,4,令和6年度,平成27年度;令和2年度;令和5年度;令和6年度,https://doboku-note.com/docs/pe-comprehensive-management-elderly-employment-act
minimum-wage-act,最低賃金法,人的資源管理,4,4,令和8年度,平成29年度;令和2年度;令和3年度;令和8年度,https://doboku-note.com/docs/pe-comprehensive-management-minimum-wage-act
accident-cost,災害コスト,安全管理,4,4,令和6年度,平成23年度;平成29年度;平成30年度;令和6年度,https://doboku-note.com/docs/pe-comprehensive-management-accident-cost
nature-conservation-act,自然環境保全法,社会環境管理,4,4,令和5年度,平成22年度;平成24年度;平成28年度;令和5年度,https://doboku-note.com/docs/pe-comprehensive-management-nature-conservation-act
sri,社会的責任投資（SRI）,社会環境管理,4,4,令和8年度,平成26年度;令和元年度;令和4年度;令和8年度,https://doboku-note.com/docs/pe-comprehensive-management-sri
return-to-work-support,職場復帰支援,人的資源管理,4,4,令和6年度,平成23年度;平成25年度;平成27年度;令和6年度,https://doboku-note.com/docs/pe-comprehensive-management-return-to-work-support
appraisal-three-principles,人事考課の三原則,人的資源管理,4,4,平成29年度,平成22年度;平成25年度;平成28年度;平成29年度,https://doboku-note.com/docs/pe-comprehensive-management-appraisal-three-principles
correlation-analysis,相関分析,情報管理,4,4,令和5年度,令和2年度;令和3年度;令和4年度;令和5年度,https://doboku-note.com/docs/pe-comprehensive-management-correlation-analysis
360-degree-evaluation,多面評価（360度評価）,人的資源管理,4,4,令和7年度,平成25年度;平成27年度;令和元年度;令和7年度,https://doboku-note.com/docs/pe-comprehensive-management-360-degree-evaluation
multi-factor-authentication,多要素認証,情報管理,4,4,令和3年度,平成27年度;平成28年度;令和元年度;令和3年度,https://doboku-note.com/docs/pe-comprehensive-management-multi-factor-authentication
invasive-alien-species,特定外来生物,社会環境管理,4,4,令和4年度,平成21年度;平成30年度;令和2年度;令和4年度,https://doboku-note.com/docs/pe-comprehensive-management-invasive-alien-species
internal-rate-of-return,内部収益率法,経済性管理,4,4,令和6年度,平成24年度;平成25年度;令和3年度;令和6年度,https://doboku-note.com/docs/pe-comprehensive-management-internal-rate-of-return
quality-planning,品質計画,経済性管理,4,4,令和5年度,平成22年度;平成25年度;平成28年度;令和5年度,https://doboku-note.com/docs/pe-comprehensive-management-quality-planning
quality-policy,品質方針,経済性管理,4,4,平成28年度,平成21年度;平成22年度;平成27年度;平成28年度,https://doboku-note.com/docs/pe-comprehensive-management-quality-policy
unauthorized-access,不正アクセス,情報管理,4,4,令和6年度,平成21年度;平成23年度;平成25年度;令和6年度,https://doboku-note.com/docs/pe-comprehensive-management-unauthorized-access
load-capacity,負荷工数・生産能力,経済性管理,4,4,平成30年度,平成21年度;平成27年度;平成29年度;平成30年度,https://doboku-note.com/docs/pe-comprehensive-management-load-capacity
multi-track-hr-system,複線型人事制度,人的資源管理,4,4,令和7年度,平成23年度;平成28年度;令和2年度;令和7年度,https://doboku-note.com/docs/pe-comprehensive-management-multi-track-hr-system
radioactive-decontamination-act,放射性物質汚染対処特別措置法,社会環境管理,4,4,令和元年度,平成26年度;平成28年度;平成29年度;令和元年度,https://doboku-note.com/docs/pe-comprehensive-management-radioactive-decontamination-act
problem-solving-ability,問題解決能力,人的資源管理,4,4,平成28年度,平成24年度;平成26年度;平成27年度;平成28年度,https://doboku-note.com/docs/pe-comprehensive-management-problem-solving-ability
precautionary-principle,予防原則,社会環境管理,4,4,令和3年度,平成30年度;令和元年度;令和2年度;令和3年度,https://doboku-note.com/docs/pe-comprehensive-management-precautionary-principle
capacity-management,余力管理,経済性管理,4,4,平成30年度,平成22年度;平成23年度;平成26年度;平成30年度,https://doboku-note.com/docs/pe-comprehensive-management-capacity-management
workers-compensation-insurance,労災保険制度,人的資源管理,4,4,令和8年度,平成26年度;平成30年度;令和6年度;令和8年度,https://doboku-note.com/docs/pe-comprehensive-management-workers-compensation-insurance
occupational-accident-prevention-plan,労働災害防止計画,安全管理,4,4,令和7年度,平成24年度;平成29年度;平成30年度;令和7年度,https://doboku-note.com/docs/pe-comprehensive-management-occupational-accident-prevention-plan
labor-share-ratio,労働分配率,人的資源管理,4,4,令和3年度,平成21年度;平成24年度;平成27年度;令和3年度,https://doboku-note.com/docs/pe-comprehensive-management-labor-share-ratio
tcfd,TCFD提言,社会環境管理,4,3,令和5年度,令和2年度;令和4年度;令和5年度,https://doboku-note.com/docs/pe-comprehensive-management-tcfd
machinery-safety-guidelines,機械の包括的な安全基準に関する指針,安全管理,4,3,令和6年度,平成21年度;令和2年度;令和6年度,https://doboku-note.com/docs/pe-comprehensive-management-machinery-safety-guidelines
accountability-traceability,責任追跡性,情報管理,4,3,平成28年度,平成22年度;平成25年度;平成28年度,https://doboku-note.com/docs/pe-comprehensive-management-accountability-traceability
dialogic-od,対話型組織開発,人的資源管理,4,3,令和6年度,令和元年度;令和5年度;令和6年度,https://doboku-note.com/docs/pe-comprehensive-management-dialogic-od
regional-circular-symbiosis,地域循環共生圏,社会環境管理,4,3,令和7年度,平成29年度;令和2年度;令和7年度,https://doboku-note.com/docs/pe-comprehensive-management-regional-circular-symbiosis
labor-policy-act,労働施策総合推進法,人的資源管理,4,3,令和6年度,平成25年度;令和元年度;令和6年度,https://doboku-note.com/docs/pe-comprehensive-management-labor-policy-act
alarp-principle,ALARPの原則,安全管理,3,3,令和3年度,平成23年度;令和元年度;令和3年度,https://doboku-note.com/docs/pe-comprehensive-management-alarp-principle
cdp-sbt-re100,CDP・SBT・RE100,社会環境管理,3,3,令和6年度,令和3年度;令和5年度;令和6年度,https://doboku-note.com/docs/pe-comprehensive-management-cdp-sbt-re100
dos-ddos,DoS・DDoS,情報管理,3,3,平成30年度,平成21年度;平成25年度;平成30年度,https://doboku-note.com/docs/pe-comprehensive-management-dos-ddos
erp,ERP,情報管理,3,3,平成27年度,平成21年度;平成23年度;平成27年度,https://doboku-note.com/docs/pe-comprehensive-management-erp
pops-convention,POPs条約,社会環境管理,3,3,令和8年度,平成23年度;平成25年度;令和8年度,https://doboku-note.com/docs/pe-comprehensive-management-pops-convention
vpn,VPN,情報管理,3,3,令和7年度,平成24年度;平成27年度;令和7年度,https://doboku-note.com/docs/pe-comprehensive-management-vpn
cluster-analysis,クラスター分析,情報管理,3,3,令和6年度,令和2年度;令和4年度;令和6年度,https://doboku-note.com/docs/pe-comprehensive-management-cluster-analysis
game-theory,ゲーム理論,経済性管理,3,3,令和7年度,令和2年度;令和6年度;令和7年度,https://doboku-note.com/docs/pe-comprehensive-management-game-theory
cost-driver,コストドライバー,経済性管理,3,3,平成30年度,平成24年度;平成28年度;平成30年度,https://doboku-note.com/docs/pe-comprehensive-management-cost-driver
content-process,コンテント／プロセス,人的資源管理,3,3,令和5年度,令和元年度;令和2年度;令和5年度,https://doboku-note.com/docs/pe-comprehensive-management-content-process
sexual-harassment,セクシャルハラスメント,人的資源管理,3,3,令和5年度,平成28年度;令和3年度;令和5年度,https://doboku-note.com/docs/pe-comprehensive-management-sexual-harassment
social-engineering,ソーシャルエンジニアリング,情報管理,3,3,令和3年度,平成24年度;平成27年度;令和3年度,https://doboku-note.com/docs/pe-comprehensive-management-social-engineering
timeline-disaster,タイムライン,安全管理,3,3,令和6年度,平成30年度;令和4年度;令和6年度,https://doboku-note.com/docs/pe-comprehensive-management-timeline-disaster
data-visualization,データ可視化,情報管理,3,3,令和6年度,平成22年度;平成25年度;令和6年度,https://doboku-note.com/docs/pe-comprehensive-management-data-visualization
delphi-method,デルファイ法,経済性管理,3,3,令和2年度,平成26年度;平成28年度;令和2年度,https://doboku-note.com/docs/pe-comprehensive-management-delphi-method
tripod-theory,トライポッド理論,安全管理,3,3,令和2年度,平成22年度;平成24年度;令和2年度,https://doboku-note.com/docs/pe-comprehensive-management-tripod-theory
virgin-bias,バージンバイアス,安全管理,3,3,令和6年度,平成21年度;令和2年度;令和6年度,https://doboku-note.com/docs/pe-comprehensive-management-virgin-bias
basel-convention,バーゼル条約,社会環境管理,3,3,令和7年度,平成25年度;令和4年度;令和7年度,https://doboku-note.com/docs/pe-comprehensive-management-basel-convention
heinrich-law,ハインリッヒの法則,安全管理,3,3,令和7年度,平成24年度;令和4年度;令和7年度,https://doboku-note.com/docs/pe-comprehensive-management-heinrich-law
password-security,パスワード強化,情報管理,3,3,平成28年度,平成23年度;平成27年度;平成28年度,https://doboku-note.com/docs/pe-comprehensive-management-password-security
backcasting,バックキャスティング,社会環境管理,3,3,令和7年度,令和2年度;令和5年度;令和7年度,https://doboku-note.com/docs/pe-comprehensive-management-backcasting
public-relations,パブリック・リレーションズ（PR）,情報管理,3,3,令和2年度,平成22年度;平成27年度;令和2年度,https://doboku-note.com/docs/pe-comprehensive-management-public-relations
heat-island-effect,ヒートアイランド現象,社会環境管理,3,3,令和6年度,平成30年度;令和2年度;令和6年度,https://doboku-note.com/docs/pe-comprehensive-management-heat-island-effect
human-factors,ヒューマンファクタ,安全管理,3,3,令和2年度,平成22年度;平成24年度;令和2年度,https://doboku-note.com/docs/pe-comprehensive-management-human-factors
fault-avoidance,フォールトアボイダンス,安全管理,3,3,平成26年度,平成21年度;平成24年度;平成26年度,https://doboku-note.com/docs/pe-comprehensive-management-fault-avoidance
privacy-mark,プライバシーマーク,情報管理,3,3,令和5年度,平成29年度;平成30年度;令和5年度,https://doboku-note.com/docs/pe-comprehensive-management-privacy-mark
veteran-bias,ベテランバイアス,安全管理,3,3,令和6年度,平成21年度;令和2年度;令和6年度,https://doboku-note.com/docs/pe-comprehensive-management-veteran-bias
risk-management-plan,リスクマネジメント計画,安全管理,3,3,令和7年度,平成26年度;令和4年度;令和7年度,https://doboku-note.com/docs/pe-comprehensive-management-risk-management-plan
risk-identification,リスク特定,安全管理,3,3,令和5年度,平成23年度;平成28年度;令和5年度,https://doboku-note.com/docs/pe-comprehensive-management-risk-identification
cites,ワシントン条約,社会環境管理,3,3,令和6年度,平成30年度;令和2年度;令和6年度,https://doboku-note.com/docs/pe-comprehensive-management-cites
safety-and-security,安全／安心,安全管理,3,3,平成28年度,平成21年度;平成23年度;平成28年度,https://doboku-note.com/docs/pe-comprehensive-management-safety-and-security
safety-patrol,安全衛生パトロール,安全管理,3,3,令和7年度,平成25年度;平成28年度;令和7年度,https://doboku-note.com/docs/pe-comprehensive-management-safety-patrol
safety-confirmation-system,安全確認型システム／危険検出型システム,安全管理,3,3,平成26年度,平成22年度;平成24年度;平成26年度,https://doboku-note.com/docs/pe-comprehensive-management-safety-confirmation-system
safety-education,安全教育,安全管理,3,3,令和3年度,平成25年度;令和元年度;令和3年度,https://doboku-note.com/docs/pe-comprehensive-management-safety-education
safety-culture,安全文化,安全管理,3,3,令和3年度,平成22年度;令和2年度;令和3年度,https://doboku-note.com/docs/pe-comprehensive-management-safety-culture
design-rights,意匠権（意匠法）,情報管理,3,3,令和6年度,平成27年度;令和2年度;令和6年度,https://doboku-note.com/docs/pe-comprehensive-management-design-rights
analytic-hierarchy-process,階層分析法（階層化意思決定法：AHP）,経済性管理,3,3,令和2年度,平成26年度;平成28年度;令和2年度,https://doboku-note.com/docs/pe-comprehensive-management-analytic-hierarchy-process
optimism-bias,楽観主義バイアス,安全管理,3,3,令和6年度,平成21年度;令和2年度;令和6年度,https://doboku-note.com/docs/pe-comprehensive-management-optimism-bias
integrity-security,完全性,情報管理,3,3,令和6年度,平成26年度;平成29年度;令和6年度,https://doboku-note.com/docs/pe-comprehensive-management-integrity-security
threat-awareness-training,脅威攻撃の手口学習,情報管理,3,3,平成24年度,平成22年度;平成23年度;平成24年度,https://doboku-note.com/docs/pe-comprehensive-management-threat-awareness-training
emergency-info-processing,緊急時の情報処理,情報管理,3,3,平成27年度,平成25年度;平成26年度;平成27年度,https://doboku-note.com/docs/pe-comprehensive-management-emergency-info-processing
depreciation,減価償却,経済性管理,3,3,令和7年度,平成22年度;令和2年度;令和7年度,https://doboku-note.com/docs/pe-comprehensive-management-depreciation
job-order-costing,個別原価計算,経済性管理,3,3,令和6年度,平成25年度;平成27年度;令和6年度,https://doboku-note.com/docs/pe-comprehensive-management-job-order-costing
individual-wage-management,個別賃金管理,人的資源管理,3,3,平成29年度,平成21年度;平成27年度;平成29年度,https://doboku-note.com/docs/pe-comprehensive-management-individual-wage-management
employment-insurance,雇用保険制度,人的資源管理,3,3,令和7年度,平成24年度;令和2年度;令和7年度,https://doboku-note.com/docs/pe-comprehensive-management-employment-insurance
highly-professional-system,高度プロフェッショナル制度,人的資源管理,3,3,令和6年度,平成23年度;令和5年度;令和6年度,https://doboku-note.com/docs/pe-comprehensive-management-highly-professional-system
ifrs,国際会計基準（IFRS）,経済性管理,3,3,令和6年度,平成29年度;令和2年度;令和6年度,https://doboku-note.com/docs/pe-comprehensive-management-ifrs
unced-earth-summit,国連環境開発会議（UNCED）,社会環境管理,3,3,令和7年度,平成23年度;平成24年度;令和7年度,https://doboku-note.com/docs/pe-comprehensive-management-unced-earth-summit
un-human-environment-conf,国連人間環境会議,社会環境管理,3,3,令和8年度,平成24年度;令和7年度;令和8年度,https://doboku-note.com/docs/pe-comprehensive-management-un-human-environment-conf
kunming-montreal-framework,昆明・モントリオール生物多様性枠組,社会環境管理,3,3,令和8年度,令和3年度;令和6年度;令和8年度,https://doboku-note.com/docs/pe-comprehensive-management-kunming-montreal-framework
reemployment-system,再雇用制度,人的資源管理,3,3,令和6年度,平成27年度;平成30年度;令和6年度,https://doboku-note.com/docs/pe-comprehensive-management-reemployment-system
work-planning,作業計画,経済性管理,3,3,平成27年度,平成23年度;平成25年度;平成27年度,https://doboku-note.com/docs/pe-comprehensive-management-work-planning
three-point-estimation,三点見積り,経済性管理,3,3,令和2年度,平成23年度;平成29年度;令和2年度,https://doboku-note.com/docs/pe-comprehensive-management-three-point-estimation
market-research,市場調査,経済性管理,3,3,令和8年度,平成22年度;平成30年度;令和8年度,https://doboku-note.com/docs/pe-comprehensive-management-market-research
four-e-countermeasures,事故の4E対策,安全管理,3,3,令和7年度,令和元年度;令和4年度;令和7年度,https://doboku-note.com/docs/pe-comprehensive-management-four-e-countermeasures
four-m-analysis,事故の4M要因分析,安全管理,3,3,令和7年度,令和元年度;令和4年度;令和7年度,https://doboku-note.com/docs/pe-comprehensive-management-four-m-analysis
disability-employment-act,障害者雇用促進法,人的資源管理,3,3,令和8年度,平成30年度;令和2年度;令和8年度,https://doboku-note.com/docs/pe-comprehensive-management-disability-employment-act
attitude-appraisal,情意考課,人的資源管理,3,3,令和7年度,平成22年度;令和4年度;令和7年度,https://doboku-note.com/docs/pe-comprehensive-management-attitude-appraisal
information-disclosure-act,情報公開法,情報管理,3,3,令和6年度,平成25年度;平成28年度;令和6年度,https://doboku-note.com/docs/pe-comprehensive-management-information-disclosure-act
data-leak-tampering-loss,情報漏洩・改ざん・消失,情報管理,3,3,平成25年度,平成21年度;平成24年度;平成25年度,https://doboku-note.com/docs/pe-comprehensive-management-data-leak-tampering-loss
job-grade-system,職務等級制度,人的資源管理,3,3,令和5年度,平成25年度;平成29年度;令和5年度,https://doboku-note.com/docs/pe-comprehensive-management-job-grade-system
reliability-maintainability-design,信頼性設計・保全性設計,経済性管理,3,3,令和7年度,平成29年度;令和5年度;令和7年度,https://doboku-note.com/docs/pe-comprehensive-management-reliability-maintainability-design
diagnostic-od,診断型組織開発,人的資源管理,3,3,令和5年度,令和元年度;令和2年度;令和5年度,https://doboku-note.com/docs/pe-comprehensive-management-diagnostic-od
personnel-management,人事管理,人的資源管理,3,3,令和4年度,平成25年度;平成28年度;令和4年度,https://doboku-note.com/docs/pe-comprehensive-management-personnel-management
normalcy-bias,正常性バイアス,安全管理,3,3,令和6年度,平成21年度;令和2年度;令和6年度,https://doboku-note.com/docs/pe-comprehensive-management-normalcy-bias
indirect-manufacturing-cost,製造間接費,経済性管理,3,3,令和6年度,平成28年度;平成30年度;令和6年度,https://doboku-note.com/docs/pe-comprehensive-management-indirect-manufacturing-cost
overall-equipment-effectiveness,設備総合効率,経済性管理,3,3,令和7年度,平成26年度;令和5年度;令和7年度,https://doboku-note.com/docs/pe-comprehensive-management-overall-equipment-effectiveness
inspection-methods,全数検査／抜取検査,経済性管理,3,3,令和7年度,令和3年度;令和6年度;令和7年度,https://doboku-note.com/docs/pe-comprehensive-management-inspection-methods
total-wage-management,総額賃金管理,人的資源管理,3,3,平成27年度,平成21年度;平成23年度;平成27年度,https://doboku-note.com/docs/pe-comprehensive-management-total-wage-management
bid-rigging,談合,情報管理,3,3,令和7年度,平成22年度;平成30年度;令和7年度,https://doboku-note.com/docs/pe-comprehensive-management-bid-rigging
periodic-inspection,定期点検活動,安全管理,3,3,平成25年度,平成22年度;平成24年度;平成25年度,https://doboku-note.com/docs/pe-comprehensive-management-periodic-inspection
soil-contamination-act,土壌汚染対策法,社会環境管理,3,3,令和4年度,平成27年度;令和3年度;令和4年度,https://doboku-note.com/docs/pe-comprehensive-management-soil-contamination-act
seniority-wage,年功賃金,人的資源管理,3,3,令和5年度,平成24年度;平成29年度;令和5年度,https://doboku-note.com/docs/pe-comprehensive-management-seniority-wage
non-repudiation,否認防止,情報管理,3,3,令和8年度,令和2年度;令和4年度;令和8年度,https://doboku-note.com/docs/pe-comprehensive-management-non-repudiation
halo-effect-errors,評価誤差,人的資源管理,3,3,令和2年度,平成28年度;令和元年度;令和2年度,https://doboku-note.com/docs/pe-comprehensive-management-halo-effect-errors
quality-characteristics,品質特性,経済性管理,3,3,令和6年度,令和2年度;令和4年度;令和6年度,https://doboku-note.com/docs/pe-comprehensive-management-quality-characteristics
nonconformity-rate,不適合品率／適合品率,経済性管理,3,3,令和7年度,平成23年度;令和6年度;令和7年度,https://doboku-note.com/docs/pe-comprehensive-management-nonconformity-rate
prevention-activities,未然防止活動,安全管理,3,3,平成28年度,平成22年度;平成24年度;平成28年度,https://doboku-note.com/docs/pe-comprehensive-management-prevention-activities
nagoya-protocol,名古屋議定書,社会環境管理,3,3,令和6年度,平成25年度;令和3年度;令和6年度,https://doboku-note.com/docs/pe-comprehensive-management-nagoya-protocol
target-cost,目標原価（＝許容原価）,経済性管理,3,3,令和5年度,平成26年度;令和元年度;令和5年度,https://doboku-note.com/docs/pe-comprehensive-management-target-cost
esg-environmental-assessment,ESG・環境評価,経済性管理,3,2,平成28年度,平成22年度;平成28年度,https://doboku-note.com/docs/pe-comprehensive-management-esg-environmental-assessment
safety-2-0,Safety2.0,安全管理,3,2,令和7年度,令和2年度;令和7年度,https://doboku-note.com/docs/pe-comprehensive-management-safety-2-0
common-criteria,セキュリティ評価基準CC（ISO/IEC 15408）,情報管理,3,2,令和7年度,令和5年度;令和7年度,https://doboku-note.com/docs/pe-comprehensive-management-common-criteria
logistic-regression,ロジスティック回帰,情報管理,3,2,令和4年度,令和3年度;令和4年度,https://doboku-note.com/docs/pe-comprehensive-management-logistic-regression
safety-control,安全管理,安全管理,3,2,平成30年度,平成29年度;平成30年度,https://doboku-note.com/docs/pe-comprehensive-management-safety-control
sop,標準作業手順書（SOP）,安全管理,3,2,平成25年度,平成24年度;平成25年度,https://doboku-note.com/docs/pe-comprehensive-management-sop
customer-satisfaction,**顧客満足（CS）**,経済性管理,2,2,令和4年度,平成24年度;令和4年度,https://doboku-note.com/docs/pe-comprehensive-management-customer-satisfaction
three-c-analysis,3C分析,情報管理,2,2,令和4年度,令和元年度;令和4年度,https://doboku-note.com/docs/pe-comprehensive-management-three-c-analysis
four-p-analysis,4P分析,情報管理,2,2,令和8年度,令和4年度;令和8年度,https://doboku-note.com/docs/pe-comprehensive-management-four-p-analysis
ecrs-principle,"ECRSの原則（Eliminate, Combine, Rearrange, Simplify）",経済性管理,2,2,令和7年度,令和5年度;令和7年度,https://doboku-note.com/docs/pe-comprehensive-management-ecrs-principle
ipbes,IPBES,社会環境管理,2,2,令和8年度,令和6年度;令和8年度,https://doboku-note.com/docs/pe-comprehensive-management-ipbes
pdca-cycle,PDCAサイクル,経済性管理,2,2,令和3年度,平成27年度;令和3年度,https://doboku-note.com/docs/pe-comprehensive-management-pdca-cycle
ppm-analysis,PPM分析,情報管理,2,2,令和4年度,令和元年度;令和4年度,https://doboku-note.com/docs/pe-comprehensive-management-ppm-analysis
rpa,RPA,情報管理,2,2,令和5年度,令和元年度;令和5年度,https://doboku-note.com/docs/pe-comprehensive-management-rpa
swot-analysis,SWOT分析,情報管理,2,2,令和4年度,令和元年度;令和4年度,https://doboku-note.com/docs/pe-comprehensive-management-swot-analysis
therp,THERP,安全管理,2,2,令和4年度,平成26年度;令和4年度,https://doboku-note.com/docs/pe-comprehensive-management-therp
tnfd,TNFD提言,社会環境管理,2,2,令和6年度,令和5年度;令和6年度,https://doboku-note.com/docs/pe-comprehensive-management-tnfd
vta-method,VTA法,安全管理,2,2,令和4年度,令和2年度;令和4年度,https://doboku-note.com/docs/pe-comprehensive-management-vta-method
agile,アジャイル,情報管理,2,2,令和7年度,令和4年度;令和7年度,https://doboku-note.com/docs/pe-comprehensive-management-agile
survey-analysis,アンケート分析,情報管理,2,2,令和4年度,平成30年度;令和4年度,https://doboku-note.com/docs/pe-comprehensive-management-survey-analysis
unconscious-bias,アンコンシャス・バイアス,人的資源管理,2,2,令和6年度,令和2年度;令和6年度,https://doboku-note.com/docs/pe-comprehensive-management-unconscious-bias
wellbeing-org,ウェルビーイング,人的資源管理,2,2,令和8年度,令和6年度;令和8年度,https://doboku-note.com/docs/pe-comprehensive-management-wellbeing-org
opt-in-opt-out,オプトイン／オプトアウト,情報管理,2,2,令和2年度,平成27年度;令和2年度,https://doboku-note.com/docs/pe-comprehensive-management-opt-in-opt-out
online-meetings,オンライン会議・Web会議,情報管理,2,2,令和3年度,令和元年度;令和3年度,https://doboku-note.com/docs/pe-comprehensive-management-online-meetings
catastrophe-bias,カタストロフィーバイアス,安全管理,2,2,令和6年度,令和2年度;令和6年度,https://doboku-note.com/docs/pe-comprehensive-management-catastrophe-bias
green-infrastructure,グリーンインフラ,社会環境管理,2,2,令和6年度,令和4年度;令和6年度,https://doboku-note.com/docs/pe-comprehensive-management-green-infrastructure
green-bond,グリーンボンド,社会環境管理,2,2,令和6年度,令和4年度;令和6年度,https://doboku-note.com/docs/pe-comprehensive-management-green-bond
communication-control,コミュニケーション・コントロール,情報管理,2,2,令和5年度,平成25年度;令和5年度,https://doboku-note.com/docs/pe-comprehensive-management-communication-control
communication-planning,コミュニケーション計画,情報管理,2,2,令和5年度,平成25年度;令和5年度,https://doboku-note.com/docs/pe-comprehensive-management-communication-planning
concurrent-engineering,コンカレントエンジニアリング,経済性管理,2,2,令和5年度,令和元年度;令和5年度,https://doboku-note.com/docs/pe-comprehensive-management-concurrent-engineering
competency-hr,コンピテンシー,人的資源管理,2,2,令和2年度,平成29年度;令和2年度,https://doboku-note.com/docs/pe-comprehensive-management-competency-hr
cybersecurity-safety,サイバーセキュリティ,安全管理,2,2,平成28年度,平成21年度;平成28年度,https://doboku-note.com/docs/pe-comprehensive-management-cybersecurity-safety
system-safety,システム安全,安全管理,2,2,平成30年度,平成22年度;平成30年度,https://doboku-note.com/docs/pe-comprehensive-management-system-safety
job-rotation,ジョブローテーション,人的資源管理,2,2,令和2年度,平成30年度;令和2年度,https://doboku-note.com/docs/pe-comprehensive-management-job-rotation
security-software,セキュリティ対策ソフト,情報管理,2,2,平成26年度,平成22年度;平成26年度,https://doboku-note.com/docs/pe-comprehensive-management-security-software
dioxin-countermeasures-act,ダイオキシン類対策特別措置法,社会環境管理,2,2,令和3年度,平成26年度;令和3年度,https://doboku-note.com/docs/pe-comprehensive-management-dioxin-countermeasures-act
data-governance,データガバナンス,情報管理,2,2,令和8年度,令和5年度;令和8年度,https://doboku-note.com/docs/pe-comprehensive-management-data-governance
data-collection,データ収集,情報管理,2,2,令和4年度,平成25年度;令和4年度,https://doboku-note.com/docs/pe-comprehensive-management-data-collection
design-review,デザインレビュー,経済性管理,2,2,令和5年度,令和元年度;令和5年度,https://doboku-note.com/docs/pe-comprehensive-management-design-review
partnership,パートナーシップ,社会環境管理,2,2,令和2年度,平成29年度;令和2年度,https://doboku-note.com/docs/pe-comprehensive-management-partnership
evaluation-bias,バイアス,人的資源管理,2,2,平成30年度,平成22年度;平成30年度,https://doboku-note.com/docs/pe-comprehensive-management-evaluation-bias
biosafety,バイオセーフティ,社会環境管理,2,2,令和6年度,令和3年度;令和6年度,https://doboku-note.com/docs/pe-comprehensive-management-biosafety
hazard,ハザード（潜在的危険要因）,安全管理,2,2,平成25年度,平成22年度;平成25年度,https://doboku-note.com/docs/pe-comprehensive-management-hazard
performance-regulation,パフォーマンス規制,社会環境管理,2,2,令和5年度,平成25年度;令和5年度,https://doboku-note.com/docs/pe-comprehensive-management-performance-regulation
firewall-ids,ファイアウォール・侵入検知,情報管理,2,2,令和7年度,平成24年度;令和7年度,https://doboku-note.com/docs/pe-comprehensive-management-firewall-ids
followership,フォロワーシップ,人的資源管理,2,2,令和7年度,平成26年度;令和7年度,https://doboku-note.com/docs/pe-comprehensive-management-followership
front-loading,フロントローディング,経済性管理,2,2,令和5年度,令和元年度;令和5年度,https://doboku-note.com/docs/pe-comprehensive-management-front-loading
my-number-act,マイナンバー法,情報管理,2,2,平成28年度,平成27年度;平成28年度,https://doboku-note.com/docs/pe-comprehensive-management-my-number-act
monte-carlo-simulation,モンテカルロシミュレーション,経済性管理,2,2,令和7年度,平成22年度;令和7年度,https://doboku-note.com/docs/pe-comprehensive-management-monte-carlo-simulation
technology-licensing,ライセンス（技術実施許諾）,情報管理,2,2,平成24年度,平成23年度;平成24年度,https://doboku-note.com/docs/pe-comprehensive-management-technology-licensing
risk,リスク,安全管理,2,2,平成30年度,平成28年度;平成30年度,https://doboku-note.com/docs/pe-comprehensive-management-risk
risk-criteria,リスク基準,安全管理,2,2,平成27年度,平成23年度;平成27年度,https://doboku-note.com/docs/pe-comprehensive-management-risk-criteria
safety-health-plan,安全衛生計画,経済性管理,2,2,令和3年度,平成24年度;令和3年度,https://doboku-note.com/docs/pe-comprehensive-management-safety-health-plan
liquefaction,液状化現象,安全管理,2,2,令和6年度,平成22年度;令和6年度,https://doboku-note.com/docs/pe-comprehensive-management-liquefaction
merit-demerit-system,加点主義・減点主義,人的資源管理,2,2,平成25年度,平成23年度;平成25年度,https://doboku-note.com/docs/pe-comprehensive-management-merit-demerit-system
utilization-rate,稼働率,経済性管理,2,2,平成30年度,平成27年度;平成30年度,https://doboku-note.com/docs/pe-comprehensive-management-utilization-rate
task-based-training,課題別研修,人的資源管理,2,2,令和5年度,平成29年度;令和5年度,https://doboku-note.com/docs/pe-comprehensive-management-task-based-training
control-limits,管理限界,経済性管理,2,2,令和7年度,平成29年度;令和7年度,https://doboku-note.com/docs/pe-comprehensive-management-control-limits
extreme-events,極端現象,安全管理,2,2,令和6年度,平成25年度;令和6年度,https://doboku-note.com/docs/pe-comprehensive-management-extreme-events
economic-comparison-principle,経済性の比較の原則,経済性管理,2,2,令和3年度,令和2年度;令和3年度,https://doboku-note.com/docs/pe-comprehensive-management-economic-comparison-principle
personal-info-utilization,個人情報の活用・流通,情報管理,2,2,平成27年度,平成24年度;平成27年度,https://doboku-note.com/docs/pe-comprehensive-management-personal-info-utilization
fixed-communication,固定通信,情報管理,2,2,平成25年度,平成23年度;平成25年度,https://doboku-note.com/docs/pe-comprehensive-management-fixed-communication
public-safety,公衆安全,安全管理,2,2,令和6年度,平成29年度;令和6年度,https://doboku-note.com/docs/pe-comprehensive-management-public-safety
construction-plan,工事計画,経済性管理,2,2,令和3年度,平成22年度;令和3年度,https://doboku-note.com/docs/pe-comprehensive-management-construction-plan
behavioral-regulation,行為規制,社会環境管理,2,2,令和6年度,令和5年度;令和6年度,https://doboku-note.com/docs/pe-comprehensive-management-behavioral-regulation
international-filing-system,国際出願制度,情報管理,2,2,令和2年度,平成30年度;令和2年度,https://doboku-note.com/docs/pe-comprehensive-management-international-filing-system
national-resilience-act,国土強靱化基本法,安全管理,2,2,令和6年度,令和4年度;令和6年度,https://doboku-note.com/docs/pe-comprehensive-management-national-resilience-act
root-cause-analysis,根本原因分析（RCA）,安全管理,2,2,令和2年度,平成23年度;令和2年度,https://doboku-note.com/docs/pe-comprehensive-management-root-cause-analysis
residual-risk,残留リスク,安全管理,2,2,平成28年度,平成23年度;平成28年度,https://doboku-note.com/docs/pe-comprehensive-management-residual-risk
autonomous-maintenance,自主保全,経済性管理,2,2,令和5年度,平成21年度;令和5年度,https://doboku-note.com/docs/pe-comprehensive-management-autonomous-maintenance
natech,自然災害に起因する産業事故（Natech）,安全管理,2,2,平成29年度,平成22年度;平成29年度,https://doboku-note.com/docs/pe-comprehensive-management-natech
collective-intelligence,集合知,情報管理,2,2,令和5年度,平成23年度;令和5年度,https://doboku-note.com/docs/pe-comprehensive-management-collective-intelligence
initial-investment,初期投資,経済性管理,2,2,平成27年度,平成24年度;平成27年度,https://doboku-note.com/docs/pe-comprehensive-management-initial-investment
fire-service-act,消防法,安全管理,2,2,平成30年度,平成21年度;平成30年度,https://doboku-note.com/docs/pe-comprehensive-management-fire-service-act
skill-qualification-system,職能資格制度,人的資源管理,2,2,令和5年度,平成29年度;令和5年度,https://doboku-note.com/docs/pe-comprehensive-management-skill-qualification-system
authenticity,真正性,情報管理,2,2,令和2年度,平成26年度;令和2年度,https://doboku-note.com/docs/pe-comprehensive-management-authenticity
labor-mobility,人材流動化,人的資源管理,2,2,平成30年度,平成29年度;平成30年度,https://doboku-note.com/docs/pe-comprehensive-management-labor-mobility
human-error-probability,人的過誤確率（HEP）,安全管理,2,2,平成24年度,平成22年度;平成24年度,https://doboku-note.com/docs/pe-comprehensive-management-human-error-probability
production-management-system,生産管理システム,情報管理,2,2,平成24年度,平成21年度;平成24年度,https://doboku-note.com/docs/pe-comprehensive-management-production-management-system
ecosystem-services,生態系サービス,社会環境管理,2,2,令和5年度,平成25年度;令和5年度,https://doboku-note.com/docs/pe-comprehensive-management-ecosystem-services
direct-manufacturing-cost,製造直接費,経済性管理,2,2,令和6年度,令和2年度;令和6年度,https://doboku-note.com/docs/pe-comprehensive-management-direct-manufacturing-cost
equipment-economics,設備の経済性,経済性管理,2,2,令和3年度,平成24年度;令和3年度,https://doboku-note.com/docs/pe-comprehensive-management-equipment-economics
maintenance-cost,設備維持費用,経済性管理,2,2,令和3年度,平成27年度;令和3年度,https://doboku-note.com/docs/pe-comprehensive-management-maintenance-cost
specialist-system,専門職制度,人的資源管理,2,2,令和7年度,平成23年度;令和7年度,https://doboku-note.com/docs/pe-comprehensive-management-specialist-system
specialized-training,専門別研修,人的資源管理,2,2,平成30年度,平成22年度;平成30年度,https://doboku-note.com/docs/pe-comprehensive-management-specialized-training
career-track-system,総合職・一般職,人的資源管理,2,2,令和7年度,平成23年度;令和7年度,https://doboku-note.com/docs/pe-comprehensive-management-career-track-system
ip-utilization,知的財産の活用,情報管理,2,2,平成29年度,平成25年度;平成29年度,https://doboku-note.com/docs/pe-comprehensive-management-ip-utilization
periodic-maintenance,定期保全,経済性管理,2,2,平成29年度,平成26年度;平成29年度,https://doboku-note.com/docs/pe-comprehensive-management-periodic-maintenance
competency-evaluation,能力考課,人的資源管理,2,2,令和4年度,平成29年度;令和4年度,https://doboku-note.com/docs/pe-comprehensive-management-competency-evaluation
unfair-trade-practices,不公正な取引方法,情報管理,2,2,令和7年度,令和5年度;令和7年度,https://doboku-note.com/docs/pe-comprehensive-management-unfair-trade-practices
disaster-drill,防災訓練,安全管理,2,2,令和7年度,平成27年度;令和7年度,https://doboku-note.com/docs/pe-comprehensive-management-disaster-drill
prevention-principle,未然防止原則,社会環境管理,2,2,令和2年度,令和元年度;令和2年度,https://doboku-note.com/docs/pe-comprehensive-management-prevention-principle
indefinite-conversion-rule,無期転換ルール,人的資源管理,2,2,令和6年度,令和元年度;令和6年度,https://doboku-note.com/docs/pe-comprehensive-management-indefinite-conversion-rule
role-grade-system,役割等級制度,人的資源管理,2,2,令和5年度,平成29年度;令和5年度,https://doboku-note.com/docs/pe-comprehensive-management-role-grade-system
labor-tribunal-act,労働審判法,人的資源管理,2,2,令和5年度,平成24年度;令和5年度,https://doboku-note.com/docs/pe-comprehensive-management-labor-tribunal-act
climate-change-adaptation-act,気候変動適応法,社会環境管理,2,1,令和2年度,令和2年度,https://doboku-note.com/docs/pe-comprehensive-management-climate-change-adaptation-act
alps-treated-water,ALPS処理水,社会環境管理,1,1,令和7年度,令和7年度,https://doboku-note.com/docs/pe-comprehensive-management-alps-treated-water
api,API,情報管理,1,1,平成25年度,平成25年度,https://doboku-note.com/docs/pe-comprehensive-management-api
eco-drr,Eco-DRR（生態系を活用した防災・減災）,社会環境管理,1,1,令和6年度,令和6年度,https://doboku-note.com/docs/pe-comprehensive-management-eco-drr
elsi,ELSI,安全管理,1,1,令和3年度,令和3年度,https://doboku-note.com/docs/pe-comprehensive-management-elsi
esd,ESD,社会環境管理,1,1,令和3年度,令和3年度,https://doboku-note.com/docs/pe-comprehensive-management-esd
e-learning,eラーニング,人的資源管理,1,1,平成29年度,平成29年度,https://doboku-note.com/docs/pe-comprehensive-management-e-learning
gfc-chemicals-framework,GFC,社会環境管理,1,1,平成22年度,平成22年度,https://doboku-note.com/docs/pe-comprehensive-management-gfc-chemicals-framework
ics,ICS,安全管理,1,1,令和8年度,令和8年度,https://doboku-note.com/docs/pe-comprehensive-management-ics
jisec,ITセキュリティ評価及び認証制度（JISEC）,情報管理,1,1,令和5年度,令和5年度,https://doboku-note.com/docs/pe-comprehensive-management-jisec
lgbtq,LGBTQ,人的資源管理,1,1,令和2年度,令和2年度,https://doboku-note.com/docs/pe-comprehensive-management-lgbtq
pqcdsme,PQCDSME,経済性管理,1,1,令和元年度,令和元年度,https://doboku-note.com/docs/pe-comprehensive-management-pqcdsme
reach-regulation,REACH規制（化学品の登録，評価，認可及び制限に関する規則）,社会環境管理,1,1,平成22年度,平成22年度,https://doboku-note.com/docs/pe-comprehensive-management-reach-regulation
risk-communication,risk-communication,その他,1,1,平成29年度,平成29年度,
satoyama-initiative,SATOYAMAイニシアティブ,社会環境管理,1,1,平成25年度,平成25年度,https://doboku-note.com/docs/pe-comprehensive-management-satoyama-initiative
service-quality,service-quality,その他,1,1,令和8年度,令和8年度,https://doboku-note.com/docs/pe-comprehensive-management-service-quality
tbm-toolbox-meeting,TBM（ツールボックスミーティング）,安全管理,1,1,令和3年度,令和3年度,https://doboku-note.com/docs/pe-comprehensive-management-tbm-toolbox-meeting
value-engineering,VE・VA,経済性管理,1,1,令和4年度,令和4年度,https://doboku-note.com/docs/pe-comprehensive-management-value-engineering
vr-ar-metaverse,VR・AR・メタバース,情報管理,1,1,令和5年度,令和5年度,https://doboku-note.com/docs/pe-comprehensive-management-vr-ar-metaverse
asbestos-issue,アスベスト問題,社会環境管理,1,1,令和4年度,令和4年度,https://doboku-note.com/docs/pe-comprehensive-management-asbestos-issue
aging-infrastructure,インフラ老朽化対策,安全管理,1,1,令和7年度,令和7年度,https://doboku-note.com/docs/pe-comprehensive-management-aging-infrastructure
waterfall,ウォーターフォール,情報管理,1,1,令和4年度,令和4年度,https://doboku-note.com/docs/pe-comprehensive-management-waterfall
end-of-pipe,エンドオブパイプ型対策,社会環境管理,1,1,平成29年度,平成29年度,https://doboku-note.com/docs/pe-comprehensive-management-end-of-pipe
all-hazard-approach,オールハザードアプローチ,安全管理,1,1,令和6年度,令和6年度,https://doboku-note.com/docs/pe-comprehensive-management-all-hazard-approach
ozone-layer-protection,オゾン層保護,社会環境管理,1,1,平成21年度,平成21年度,https://doboku-note.com/docs/pe-comprehensive-management-ozone-layer-protection
career-ownership,キャリアオーナーシップ,人的資源管理,1,1,令和6年度,令和6年度,https://doboku-note.com/docs/pe-comprehensive-management-career-ownership
groupware,グループウェア,情報管理,1,1,令和元年度,令和元年度,https://doboku-note.com/docs/pe-comprehensive-management-groupware
sustainable-fashion,サステナブルファッション,社会環境管理,1,1,令和7年度,令和7年度,https://doboku-note.com/docs/pe-comprehensive-management-sustainable-fashion
gender-gap,ジェンダーギャップ,人的資源管理,1,1,令和6年度,令和6年度,https://doboku-note.com/docs/pe-comprehensive-management-gender-gap
talent-management,タレントマネジメント,人的資源管理,1,1,令和3年度,令和3年度,https://doboku-note.com/docs/pe-comprehensive-management-talent-management
teal-organization,ティール組織,人的資源管理,1,1,令和4年度,令和4年度,https://doboku-note.com/docs/pe-comprehensive-management-teal-organization
data-cleansing,データクレンジング,情報管理,1,1,令和2年度,令和2年度,https://doboku-note.com/docs/pe-comprehensive-management-data-cleansing
technical-nontechnical-skills,テクニカルスキル／ノンテクニカルスキル,安全管理,1,1,令和7年度,令和7年度,https://doboku-note.com/docs/pe-comprehensive-management-technical-nontechnical-skills
design-in,デザインイン,経済性管理,1,1,令和5年度,令和5年度,https://doboku-note.com/docs/pe-comprehensive-management-design-in
design-thinking,デザイン思考,情報管理,1,1,令和7年度,令和7年度,https://doboku-note.com/docs/pe-comprehensive-management-design-thinking
decision-tree-analysis,デシジョンツリー分析,安全管理,1,1,平成28年度,平成28年度,https://doboku-note.com/docs/pe-comprehensive-management-decision-tree-analysis
de-jure-standard,デジュール標準,情報管理,1,1,令和元年度,令和元年度,https://doboku-note.com/docs/pe-comprehensive-management-de-jure-standard
de-facto-standard,デファクト標準,情報管理,1,1,令和元年度,令和元年度,https://doboku-note.com/docs/pe-comprehensive-management-de-facto-standard
deposit-system,デポジット制度,社会環境管理,1,1,平成27年度,平成27年度,https://doboku-note.com/docs/pe-comprehensive-management-deposit-system
terrorism,テロリズム,安全管理,1,1,平成23年度,平成23年度,https://doboku-note.com/docs/pe-comprehensive-management-terrorism
parametric-estimation,パラメトリック見積り,経済性管理,1,1,令和2年度,令和2年度,https://doboku-note.com/docs/pe-comprehensive-management-parametric-estimation
business-intelligence,ビジネスインテリジェンス（BI）,情報管理,1,1,令和8年度,令和8年度,https://doboku-note.com/docs/pe-comprehensive-management-business-intelligence
fail-soft,フェールソフト,安全管理,1,1,平成26年度,平成26年度,https://doboku-note.com/docs/pe-comprehensive-management-fail-soft
forum-standard,フォーラム標準,情報管理,1,1,令和元年度,令和元年度,https://doboku-note.com/docs/pe-comprehensive-management-forum-standard
blind-drill,ブラインド型訓練,安全管理,1,1,令和7年度,令和7年度,https://doboku-note.com/docs/pe-comprehensive-management-blind-drill
process-safety-mgmt,プロセスセーフティマネジメント（PSM）,安全管理,1,1,平成30年度,平成30年度,https://doboku-note.com/docs/pe-comprehensive-management-process-safety-mgmt
bowtie-analysis,ボウタイ分析,安全管理,1,1,平成26年度,平成26年度,https://doboku-note.com/docs/pe-comprehensive-management-bowtie-analysis
millennium-ecosystem-assessment,ミレニアム生態系評価,社会環境管理,1,1,平成22年度,平成22年度,https://doboku-note.com/docs/pe-comprehensive-management-millennium-ecosystem-assessment
reskilling,リスキリング,人的資源管理,1,1,令和6年度,令和6年度,https://doboku-note.com/docs/pe-comprehensive-management-reskilling
risk-management-policy,リスクマネジメント方針,安全管理,1,1,令和4年度,令和4年度,https://doboku-note.com/docs/pe-comprehensive-management-risk-management-policy
risk-monitoring,リスクモニタリング,安全管理,1,1,令和5年度,令和5年度,https://doboku-note.com/docs/pe-comprehensive-management-risk-monitoring
red-list,レッドリスト,社会環境管理,1,1,令和2年度,令和2年度,https://doboku-note.com/docs/pe-comprehensive-management-red-list
disclosure-request,開示請求,情報管理,1,1,令和6年度,令和6年度,https://doboku-note.com/docs/pe-comprehensive-management-disclosure-request
foreign-trainee-program,外国人研修・技能実習制度,人的資源管理,1,1,令和2年度,令和2年度,https://doboku-note.com/docs/pe-comprehensive-management-foreign-trainee-program
extrinsic-motivation,外発的動機付け,人的資源管理,1,1,平成21年度,平成21年度,https://doboku-note.com/docs/pe-comprehensive-management-extrinsic-motivation
isolation-stop-safety,隔離安全／停止安全,安全管理,1,1,令和7年度,令和7年度,https://doboku-note.com/docs/pe-comprehensive-management-isolation-stop-safety
rio-declaration,環境と開発に関するリオ宣言,社会環境管理,1,1,平成24年度,平成24年度,https://doboku-note.com/docs/pe-comprehensive-management-rio-declaration
hazardous-facility-disaster-prevention,危険物施設防災,安全管理,1,1,平成30年度,平成30年度,https://doboku-note.com/docs/pe-comprehensive-management-hazardous-facility-disaster-prevention
likelihood,起こりやすさ（発生確率・頻度）,安全管理,1,1,平成24年度,平成24年度,https://doboku-note.com/docs/pe-comprehensive-management-likelihood
location-limited-employee,勤務地限定社員制度,人的資源管理,1,1,平成23年度,平成23年度,https://doboku-note.com/docs/pe-comprehensive-management-location-limited-employee
cost-maintenance,原価維持,経済性管理,1,1,平成26年度,平成26年度,https://doboku-note.com/docs/pe-comprehensive-management-cost-maintenance
depreciation-residual-value,減価償却費・残存価値,経済性管理,1,1,令和8年度,令和8年度,https://doboku-note.com/docs/pe-comprehensive-management-depreciation-residual-value
verbal-nonverbal-communication,言語／非言語コミュニケーション,情報管理,1,1,令和3年度,令和3年度,https://doboku-note.com/docs/pe-comprehensive-management-verbal-nonverbal-communication
crm-system,顧客管理（CRM）システム,情報管理,1,1,平成30年度,平成30年度,https://doboku-note.com/docs/pe-comprehensive-management-crm-system
pollution-control-manager,公害防止管理者,社会環境管理,1,1,平成24年度,平成24年度,https://doboku-note.com/docs/pe-comprehensive-management-pollution-control-manager
method-planning,工法計画,経済性管理,1,1,平成25年度,平成25年度,https://doboku-note.com/docs/pe-comprehensive-management-method-planning
civil-protection-act,国民保護法,安全管理,1,1,令和元年度,令和元年度,https://doboku-note.com/docs/pe-comprehensive-management-civil-protection-act
recruitment-management,採用管理,人的資源管理,1,1,平成28年度,平成28年度,https://doboku-note.com/docs/pe-comprehensive-management-recruitment-management
acid-rain,酸性雨,社会環境管理,1,1,平成21年度,平成21年度,https://doboku-note.com/docs/pe-comprehensive-management-acid-rain
four-major-pollution-diseases,四大公害病,社会環境管理,1,1,令和7年度,令和7年度,https://doboku-note.com/docs/pe-comprehensive-management-four-major-pollution-diseases
private-monopoly,私的独占,情報管理,1,1,平成24年度,平成24年度,https://doboku-note.com/docs/pe-comprehensive-management-private-monopoly
accident-response-drill,事故対応訓練,安全管理,1,1,令和7年度,令和7年度,https://doboku-note.com/docs/pe-comprehensive-management-accident-response-drill
child-rearing-support-act,次世代育成支援対策推進法,人的資源管理,1,1,令和3年度,令和3年度,https://doboku-note.com/docs/pe-comprehensive-management-child-rearing-support-act
natural-parks-act,自然公園法,社会環境管理,1,1,平成21年度,平成21年度,https://doboku-note.com/docs/pe-comprehensive-management-natural-parks-act
internal-job-posting,社内公募制,人的資源管理,1,1,平成28年度,平成28年度,https://doboku-note.com/docs/pe-comprehensive-management-internal-job-posting
species-preservation-act,種の保存法,社会環境管理,1,1,平成30年度,平成30年度,https://doboku-note.com/docs/pe-comprehensive-management-species-preservation-act
centralization-decentralization,集中化と分散化,情報管理,1,1,平成21年度,平成21年度,https://doboku-note.com/docs/pe-comprehensive-management-centralization-decentralization
immigration-control-act,出入国管理及び難民認定法,人的資源管理,1,1,令和2年度,令和2年度,https://doboku-note.com/docs/pe-comprehensive-management-immigration-control-act
portrait-publicity-privacy,肖像権・パブリシティ権・プライバシー権,情報管理,1,1,令和7年度,令和7年度,https://doboku-note.com/docs/pe-comprehensive-management-portrait-publicity-privacy
disability-employment,障害者雇用,人的資源管理,1,1,令和2年度,令和2年度,https://doboku-note.com/docs/pe-comprehensive-management-disability-employment
disability-discrimination-act,障害者差別解消法,人的資源管理,1,1,令和2年度,令和2年度,https://doboku-note.com/docs/pe-comprehensive-management-disability-discrimination-act
employment-security-act,職業安定法,人的資源管理,1,1,平成24年度,平成24年度,https://doboku-note.com/docs/pe-comprehensive-management-employment-security-act
vocational-training-act,職業能力開発促進法,人的資源管理,1,1,平成24年度,平成24年度,https://doboku-note.com/docs/pe-comprehensive-management-vocational-training-act
skill-based-pay,職能給,人的資源管理,1,1,令和2年度,令和2年度,https://doboku-note.com/docs/pe-comprehensive-management-skill-based-pay
job-based-pay,職務給,人的資源管理,1,1,令和2年度,令和2年度,https://doboku-note.com/docs/pe-comprehensive-management-job-based-pay
job-execution-ability,職務遂行能力,人的資源管理,1,1,平成27年度,平成27年度,https://doboku-note.com/docs/pe-comprehensive-management-job-execution-ability
job-analysis,職務分析,人的資源管理,1,1,平成25年度,平成25年度,https://doboku-note.com/docs/pe-comprehensive-management-job-analysis
defense-in-depth,深層防護,安全管理,1,1,令和8年度,令和8年度,https://doboku-note.com/docs/pe-comprehensive-management-defense-in-depth
ergonomic-principles,人間工学原則の遵守,安全管理,1,1,令和8年度,令和8年度,https://doboku-note.com/docs/pe-comprehensive-management-ergonomic-principles
human-resource-assessment,人材アセスメント,人的資源管理,1,1,平成23年度,平成23年度,https://doboku-note.com/docs/pe-comprehensive-management-human-resource-assessment
hr-systems,人事システム,情報管理,1,1,平成26年度,平成26年度,https://doboku-note.com/docs/pe-comprehensive-management-hr-systems
minamata-convention,水俣条約,社会環境管理,1,1,平成23年度,平成23年度,https://doboku-note.com/docs/pe-comprehensive-management-minamata-convention
ismap,政府情報システムのためのセキュリティ評価制度（ISMAP）,情報管理,1,1,平成28年度,平成28年度,https://doboku-note.com/docs/pe-comprehensive-management-ismap
design-quality,設計品質,経済性管理,1,1,平成26年度,平成26年度,https://doboku-note.com/docs/pe-comprehensive-management-design-quality
equipment-characteristics,設備の管理特性,経済性管理,1,1,令和8年度,令和8年度,https://doboku-note.com/docs/pe-comprehensive-management-equipment-characteristics
equipment-maintainability,設備の保全性,経済性管理,1,1,令和4年度,令和4年度,https://doboku-note.com/docs/pe-comprehensive-management-equipment-maintainability
prior-use-rights,先使用権制度,情報管理,1,1,平成26年度,平成26年度,https://doboku-note.com/docs/pe-comprehensive-management-prior-use-rights
relative-absolute-evaluation,相対評価・絶対評価,人的資源管理,1,1,平成30年度,平成30年度,https://doboku-note.com/docs/pe-comprehensive-management-relative-absolute-evaluation
process-costing,総合原価計算,経済性管理,1,1,平成27年度,平成27年度,https://doboku-note.com/docs/pe-comprehensive-management-process-costing
interpersonal-skills,対人能力,人的資源管理,1,1,平成25年度,平成25年度,https://doboku-note.com/docs/pe-comprehensive-management-interpersonal-skills
right-to-know,知る権利,情報管理,1,1,令和6年度,令和6年度,https://doboku-note.com/docs/pe-comprehensive-management-right-to-know
global-warming-countermeasures-act,地球温暖化対策推進法,社会環境管理,1,1,令和2年度,令和2年度,https://doboku-note.com/docs/pe-comprehensive-management-global-warming-countermeasures-act
interim-storage-facility,中間貯蔵施設,社会環境管理,1,1,平成29年度,平成29年度,https://doboku-note.com/docs/pe-comprehensive-management-interim-storage-facility
wildlife-protection-act,鳥獣保護管理法,社会環境管理,1,1,令和7年度,令和7年度,https://doboku-note.com/docs/pe-comprehensive-management-wildlife-protection-act
urban-flood,都市型水害,社会環境管理,1,1,令和2年度,令和2年度,https://doboku-note.com/docs/pe-comprehensive-management-urban-flood
pension-system,年金制度,人的資源管理,1,1,平成23年度,平成23年度,https://doboku-note.com/docs/pe-comprehensive-management-pension-system
idea-generation-methods,発想法,経済性管理,1,1,令和5年度,令和5年度,https://doboku-note.com/docs/pe-comprehensive-management-idea-generation-methods
emergency-stop-device,非常停止装置,安全管理,1,1,令和6年度,令和6年度,https://doboku-note.com/docs/pe-comprehensive-management-emergency-stop-device
standardization-strategy,標準化戦略,情報管理,1,1,平成24年度,平成24年度,https://doboku-note.com/docs/pe-comprehensive-management-standardization-strategy
quality-costing,品質原価計算,経済性管理,1,1,令和8年度,令和8年度,https://doboku-note.com/docs/pe-comprehensive-management-quality-costing
quality-objectives,品質目標,経済性管理,1,1,平成22年度,平成22年度,https://doboku-note.com/docs/pe-comprehensive-management-quality-objectives
unsafe-conditions-behavior,不安全状態／不安全行動,安全管理,1,1,令和4年度,令和4年度,https://doboku-note.com/docs/pe-comprehensive-management-unsafe-conditions-behavior
contingency,不測事態,安全管理,1,1,平成25年度,平成25年度,https://doboku-note.com/docs/pe-comprehensive-management-contingency
side-jobs,副業・兼業,人的資源管理,1,1,令和8年度,令和8年度,https://doboku-note.com/docs/pe-comprehensive-management-side-jobs
employee-benefits,福利厚生,人的資源管理,1,1,平成23年度,平成23年度,https://doboku-note.com/docs/pe-comprehensive-management-employee-benefits
subsidiarity-principle,補完性原則・補完性原理,社会環境管理,1,1,令和元年度,令和元年度,https://doboku-note.com/docs/pe-comprehensive-management-subsidiarity-principle
mandatory-management-retirement,役職定年制,人的資源管理,1,1,平成27年度,平成27年度,https://doboku-note.com/docs/pe-comprehensive-management-mandatory-management-retirement
crisis-priority,優先順位,安全管理,1,1,平成22年度,平成22年度,https://doboku-note.com/docs/pe-comprehensive-management-crisis-priority
required-quality,要求品質,経済性管理,1,1,令和8年度,令和8年度,https://doboku-note.com/docs/pe-comprehensive-management-required-quality
